# Tiempo(s), X(m), Y(m), Theta_Yaw(rad)
0.00, 5.00, 8.00, 0.000000
1.00, 6.00, 8.00, 0.000000
2.00, 7.00, 8.00, 0.000000
3.00, 8.00, 8.00, 0.000000
4.00, 9.00, 8.00, 0.000000
5.00, 10.00, 8.00, 0.000000
6.00, 11.00, 8.00, 0.000000
7.00, 12.00, 8.00, 0.000000
8.00, 13.00, 8.00, 0.000000
9.00, 14.00, 8.00, 0.000000
10.00, 15.00, 8.00, 0.000000
11.00, 16.00, 8.00, 0.000000
12.00, 17.00, 8.00, 0.000000
13.00, 18.00, 8.00, 0.000000
14.00, 19.00, 8.00, 0.000000
15.00, 20.00, 8.00, 0.000000
16.00, 21.00, 8.00, 0.000000
17.00, 22.00, 8.00, 0.000000
18.00, 23.00, 8.00, 0.000000
19.00, 24.00, 8.00, 0.000000
20.00, 25.00, 8.00, 0.000000
21.00, 26.00, 8.00, 0.000000
22.00, 27.00, 8.00, 0.000000
23.00, 28.00, 8.00, 0.000000
24.00, 29.00, 8.00, 0.000000
25.00, 30.00, 8.00, 0.000000
26.00, 31.00, 8.00, 0.000000
27.00, 32.00, 8.00, 0.000000
28.00, 33.00, 8.00, 0.000000
29.00, 34.00, 8.00, 0.000000
30.00, 35.00, 8.00, 0.000000
31.00, 36.00, 8.00, 0.000000
32.00, 37.00, 8.00, 0.000000
33.00, 38.00, 8.00, 0.000000
34.00, 39.00, 8.00, 0.000000
35.00, 40.00, 8.00, 0.000000
36.00, 41.00, 8.00, 0.000000
37.00, 42.00, 8.00, 0.000000
38.00, 43.00, 8.00, 0.000000
39.00, 44.00, 8.00, 0.000000
40.00, 45.00, 8.00, 0.000000
41.00, 46.00, 8.00, 0.000000
42.00, 47.00, 8.00, 0.000000
43.00, 48.00, 8.00, 0.000000
44.00, 49.00, 8.00, 0.000000
45.00, 50.00, 8.00, 0.000000
46.00, 51.00, 8.00, 0.000000
47.00, 52.00, 8.00, 0.000000
48.00, 53.00, 8.00, 0.000000
49.00, 54.00, 8.00, 0.000000
50.00, 55.00, 8.00, 0.000000
51.00, 56.00, 8.00, 0.000000
52.00, 57.00, 8.00, 0.000000
53.00, 58.00, 8.00, 0.000000
54.00, 59.00, 8.00, 0.000000
55.00, 60.00, 8.00, 0.000000
56.00, 61.00, 8.00, 0.000000
57.00, 62.00, 8.00, 0.000000
58.00, 63.00, 8.00, 0.000000
59.00, 64.00, 8.00, 0.000000
60.00, 65.00, 8.00, 0.000000
61.00, 66.00, 8.00, 0.000000
62.00, 67.00, 8.00, 0.000000
63.00, 68.00, 8.00, 0.000000
64.00, 69.00, 8.00, 0.000000
65.00, 70.00, 8.00, 0.000000
66.00, 71.00, 8.00, 0.000000
67.00, 72.00, 8.00, 0.000000
68.00, 73.00, 8.00, 0.000000
69.00, 74.00, 8.00, 0.000000
70.00, 75.00, 8.00, 0.000000
71.00, 76.00, 8.00, 0.000000
72.00, 77.00, 8.00, 0.000000
73.00, 78.00, 8.00, 0.000000
74.00, 79.00, 8.00, 0.000000
75.00, 80.00, 8.00, 0.000000
76.00, 81.00, 8.00, 0.000000
77.00, 82.00, 8.00, 0.000000
78.00, 83.00, 8.00, 0.000000
79.00, 84.00, 8.00, 0.000000
80.00, 85.00, 8.00, 0.000000
81.00, 86.00, 8.00, 0.000000
82.00, 87.00, 8.00, 0.000000
83.00, 88.00, 8.00, 0.000000
84.00, 89.00, 8.00, 0.000000
85.00, 90.00, 8.00, 0.000000
86.00, 91.00, 8.00, 0.000000
87.00, 92.00, 8.00, 0.000000
88.00, 93.00, 8.00, 0.000000
89.00, 94.00, 8.00, 0.000000
90.00, 95.00, 8.00, 1.570796
91.00, 95.00, 9.00, 1.570796
92.00, 95.00, 10.00, 1.570796
93.00, 95.00, 11.00, 1.570796
94.00, 95.00, 12.00, 1.570796
95.00, 95.00, 13.00, 1.570796
96.00, 95.00, 13.00, 3.141593
97.00, 94.00, 13.00, 3.141593
98.00, 93.00, 13.00, 3.141593
99.00, 92.00, 13.00, 3.141593
100.00, 91.00, 13.00, 3.141593
101.00, 90.00, 13.00, 3.141593
102.00, 89.00, 13.00, 3.141593
103.00, 88.00, 13.00, 3.141593
104.00, 87.00, 13.00, 3.141593
105.00, 86.00, 13.00, 3.141593
106.00, 85.00, 13.00, 3.141593
107.00, 84.00, 13.00, 3.141593
108.00, 83.00, 13.00, 3.141593
109.00, 82.00, 13.00, 3.141593
110.00, 81.00, 13.00, 3.141593
111.00, 80.00, 13.00, 3.141593
112.00, 79.00, 13.00, 3.141593
113.00, 78.00, 13.00, 3.141593
114.00, 77.00, 13.00, 3.141593
115.00, 76.00, 13.00, 3.141593
116.00, 75.00, 13.00, 3.141593
117.00, 74.00, 13.00, 3.141593
118.00, 73.00, 13.00, 3.141593
119.00, 72.00, 13.00, 3.141593
120.00, 71.00, 13.00, 3.141593
121.00, 70.00, 13.00, 3.141593
122.00, 69.00, 13.00, 3.141593
123.00, 68.00, 13.00, 3.141593
124.00, 67.00, 13.00, 3.141593
125.00, 66.00, 13.00, 3.141593
126.00, 65.00, 13.00, 3.141593
127.00, 64.00, 13.00, 3.141593
128.00, 63.00, 13.00, 3.141593
129.00, 62.00, 13.00, 3.141593
130.00, 61.00, 13.00, 3.141593
131.00, 60.00, 13.00, 3.141593
132.00, 59.00, 13.00, 3.141593
133.00, 58.00, 13.00, 3.141593
134.00, 57.00, 13.00, 3.141593
135.00, 56.00, 13.00, 3.141593
136.00, 55.00, 13.00, 3.141593
137.00, 54.00, 13.00, 3.141593
138.00, 53.00, 13.00, 3.141593
139.00, 52.00, 13.00, 3.141593
140.00, 51.00, 13.00, 3.141593
141.00, 50.00, 13.00, 3.141593
142.00, 49.00, 13.00, 3.141593
143.00, 48.00, 13.00, 3.141593
144.00, 47.00, 13.00, 3.141593
145.00, 46.00, 13.00, 3.141593
146.00, 45.00, 13.00, 3.141593
147.00, 44.00, 13.00, 3.141593
148.00, 43.00, 13.00, 3.141593
149.00, 42.00, 13.00, 3.141593
150.00, 41.00, 13.00, 3.141593
151.00, 40.00, 13.00, 3.141593
152.00, 39.00, 13.00, 3.141593
153.00, 38.00, 13.00, 3.141593
154.00, 37.00, 13.00, 3.141593
155.00, 36.00, 13.00, 3.141593
156.00, 35.00, 13.00, 3.141593
157.00, 34.00, 13.00, 3.141593
158.00, 33.00, 13.00, 3.141593
159.00, 32.00, 13.00, 3.141593
160.00, 31.00, 13.00, 3.141593
161.00, 30.00, 13.00, 3.141593
162.00, 29.00, 13.00, 3.141593
163.00, 28.00, 13.00, 3.141593
164.00, 27.00, 13.00, 3.141593
165.00, 26.00, 13.00, 3.141593
166.00, 25.00, 13.00, 3.141593
167.00, 24.00, 13.00, 3.141593
168.00, 23.00, 13.00, 3.141593
169.00, 22.00, 13.00, 3.141593
170.00, 21.00, 13.00, 3.141593
171.00, 20.00, 13.00, 3.141593
172.00, 19.00, 13.00, 3.141593
173.00, 18.00, 13.00, 3.141593
174.00, 17.00, 13.00, 3.141593
175.00, 16.00, 13.00, 3.141593
176.00, 15.00, 13.00, 3.141593
177.00, 14.00, 13.00, 3.141593
178.00, 13.00, 13.00, 3.141593
179.00, 12.00, 13.00, 3.141593
180.00, 11.00, 13.00, 3.141593
181.00, 10.00, 13.00, 3.141593
182.00, 9.00, 13.00, 3.141593
183.00, 8.00, 13.00, 3.141593
184.00, 7.00, 13.00, 3.141593
185.00, 6.00, 13.00, 3.141593
186.00, 5.00, 13.00, 1.570796
187.00, 5.00, 14.00, 1.570796
188.00, 5.00, 15.00, 1.570796
189.00, 5.00, 16.00, 1.570796
190.00, 5.00, 17.00, 1.570796
191.00, 5.00, 18.00, 1.570796
192.00, 5.00, 18.00, 0.000000
193.00, 6.00, 18.00, 0.000000
194.00, 7.00, 18.00, 0.000000
195.00, 8.00, 18.00, 0.000000
196.00, 9.00, 18.00, 0.000000
197.00, 10.00, 18.00, 0.000000
198.00, 11.00, 18.00, 0.000000
199.00, 12.00, 18.00, 0.000000
200.00, 13.00, 18.00, 0.000000
201.00, 14.00, 18.00, 0.000000
202.00, 15.00, 18.00, 0.000000
203.00, 16.00, 18.00, 0.000000
204.00, 17.00, 18.00, 0.000000
205.00, 18.00, 18.00, 0.000000
206.00, 19.00, 18.00, 0.000000
207.00, 20.00, 18.00, 0.000000
208.00, 21.00, 18.00, 0.000000
209.00, 22.00, 18.00, 0.000000
210.00, 23.00, 18.00, 0.000000
211.00, 24.00, 18.00, 0.000000
212.00, 25.00, 18.00, 0.000000
213.00, 26.00, 18.00, 0.000000
214.00, 27.00, 18.00, 0.000000
215.00, 28.00, 18.00, 0.000000
216.00, 29.00, 18.00, 0.000000
217.00, 30.00, 18.00, 0.000000
218.00, 31.00, 18.00, 0.000000
219.00, 32.00, 18.00, 0.000000
220.00, 33.00, 18.00, 0.000000
221.00, 34.00, 18.00, 0.000000
222.00, 35.00, 18.00, 0.000000
223.00, 36.00, 18.00, 0.000000
224.00, 37.00, 18.00, 0.000000
225.00, 38.00, 18.00, 0.000000
226.00, 39.00, 18.00, 0.000000
227.00, 40.00, 18.00, 0.000000
228.00, 41.00, 18.00, 0.000000
229.00, 42.00, 18.00, 0.000000
230.00, 43.00, 18.00, 0.000000
231.00, 44.00, 18.00, 0.000000
232.00, 45.00, 18.00, 0.000000
233.00, 46.00, 18.00, 0.000000
234.00, 47.00, 18.00, 0.000000
235.00, 48.00, 18.00, 0.000000
236.00, 49.00, 18.00, 0.000000
237.00, 50.00, 18.00, 0.000000
238.00, 51.00, 18.00, 0.000000
239.00, 52.00, 18.00, 0.000000
240.00, 53.00, 18.00, 0.000000
241.00, 54.00, 18.00, 0.000000
242.00, 55.00, 18.00, 0.000000
243.00, 56.00, 18.00, 0.000000
244.00, 57.00, 18.00, 0.000000
245.00, 58.00, 18.00, 0.000000
246.00, 59.00, 18.00, 0.000000
247.00, 60.00, 18.00, 0.000000
248.00, 61.00, 18.00, 0.000000
249.00, 62.00, 18.00, 0.000000
250.00, 63.00, 18.00, 0.000000
251.00, 64.00, 18.00, 0.000000
252.00, 65.00, 18.00, 0.000000
253.00, 66.00, 18.00, 0.000000
254.00, 67.00, 18.00, 0.000000
255.00, 68.00, 18.00, 0.000000
256.00, 69.00, 18.00, 0.000000
257.00, 70.00, 18.00, 0.000000
258.00, 71.00, 18.00, 0.000000
259.00, 72.00, 18.00, 0.000000
260.00, 73.00, 18.00, 0.000000
261.00, 74.00, 18.00, 0.000000
262.00, 75.00, 18.00, 0.000000
263.00, 76.00, 18.00, 0.000000
264.00, 77.00, 18.00, 0.000000
265.00, 78.00, 18.00, 0.000000
266.00, 79.00, 18.00, 0.000000
267.00, 80.00, 18.00, 0.000000
268.00, 81.00, 18.00, 0.000000
269.00, 82.00, 18.00, 0.000000
270.00, 83.00, 18.00, 0.000000
271.00, 84.00, 18.00, 0.000000
272.00, 85.00, 18.00, 0.000000
273.00, 86.00, 18.00, 0.000000
274.00, 87.00, 18.00, 0.000000
275.00, 88.00, 18.00, 0.000000
276.00, 89.00, 18.00, 0.000000
277.00, 90.00, 18.00, 0.000000
278.00, 91.00, 18.00, 0.000000
279.00, 92.00, 18.00, 0.000000
280.00, 93.00, 18.00, 0.000000
281.00, 94.00, 18.00, 0.000000
282.00, 95.00, 18.00, 1.570796
283.00, 95.00, 19.00, 1.570796
284.00, 95.00, 20.00, 1.570796
285.00, 95.00, 21.00, 1.570796
286.00, 95.00, 22.00, 1.570796
287.00, 95.00, 23.00, 1.570796
288.00, 95.00, 23.00, 3.141593
289.00, 94.00, 23.00, 3.141593
290.00, 93.00, 23.00, 3.141593
291.00, 92.00, 23.00, 3.141593
292.00, 91.00, 23.00, 3.141593
293.00, 90.00, 23.00, 3.141593
294.00, 89.00, 23.00, 3.141593
295.00, 88.00, 23.00, 3.141593
296.00, 87.00, 23.00, 3.141593
297.00, 86.00, 23.00, 3.141593
298.00, 85.00, 23.00, 3.141593
299.00, 84.00, 23.00, 3.141593
300.00, 83.00, 23.00, 3.141593
301.00, 82.00, 23.00, 3.141593
302.00, 81.00, 23.00, 3.141593
303.00, 80.00, 23.00, 3.141593
304.00, 79.00, 23.00, 3.141593
305.00, 78.00, 23.00, 3.141593
306.00, 77.00, 23.00, 3.141593
307.00, 76.00, 23.00, 3.141593
308.00, 75.00, 23.00, 3.141593
309.00, 74.00, 23.00, 3.141593
310.00, 73.00, 23.00, 3.141593
311.00, 72.00, 23.00, 3.141593
312.00, 71.00, 23.00, 3.141593
313.00, 70.00, 23.00, 3.141593
314.00, 69.00, 23.00, 3.141593
315.00, 68.00, 23.00, 3.141593
316.00, 67.00, 23.00, 3.141593
317.00, 66.00, 23.00, 3.141593
318.00, 65.00, 23.00, 3.141593
319.00, 64.00, 23.00, 3.141593
320.00, 63.00, 23.00, 3.141593
321.00, 62.00, 23.00, 3.141593
322.00, 61.00, 23.00, 3.141593
323.00, 60.00, 23.00, 3.141593
324.00, 59.00, 23.00, 3.141593
325.00, 58.00, 23.00, 3.141593
326.00, 57.00, 23.00, 3.141593
327.00, 56.00, 23.00, 3.141593
328.00, 55.00, 23.00, 3.141593
329.00, 54.00, 23.00, 3.141593
330.00, 53.00, 23.00, 3.141593
331.00, 52.00, 23.00, 3.141593
332.00, 51.00, 23.00, 3.141593
333.00, 50.00, 23.00, 3.141593
334.00, 49.00, 23.00, 3.141593
335.00, 48.00, 23.00, 3.141593
336.00, 47.00, 23.00, 3.141593
337.00, 46.00, 23.00, 3.141593
338.00, 45.00, 23.00, 3.141593
339.00, 44.00, 23.00, 3.141593
340.00, 43.00, 23.00, 3.141593
341.00, 42.00, 23.00, 3.141593
342.00, 41.00, 23.00, 3.141593
343.00, 40.00, 23.00, 3.141593
344.00, 39.00, 23.00, 3.141593
345.00, 38.00, 23.00, 3.141593
346.00, 37.00, 23.00, 3.141593
347.00, 36.00, 23.00, 3.141593
348.00, 35.00, 23.00, 3.141593
349.00, 34.00, 23.00, 3.141593
350.00, 33.00, 23.00, 3.141593
351.00, 32.00, 23.00, 3.141593
352.00, 31.00, 23.00, 3.141593
353.00, 30.00, 23.00, 3.141593
354.00, 29.00, 23.00, 3.141593
355.00, 28.00, 23.00, 3.141593
356.00, 27.00, 23.00, 3.141593
357.00, 26.00, 23.00, 3.141593
358.00, 25.00, 23.00, 3.141593
359.00, 24.00, 23.00, 3.141593
360.00, 23.00, 23.00, 3.141593
361.00, 22.00, 23.00, 3.141593
362.00, 21.00, 23.00, 3.141593
363.00, 20.00, 23.00, 3.141593
364.00, 19.00, 23.00, 3.141593
365.00, 18.00, 23.00, 3.141593
366.00, 17.00, 23.00, 3.141593
367.00, 16.00, 23.00, 3.141593
368.00, 15.00, 23.00, 3.141593
369.00, 14.00, 23.00, 3.141593
370.00, 13.00, 23.00, 3.141593
371.00, 12.00, 23.00, 3.141593
372.00, 11.00, 23.00, 3.141593
373.00, 10.00, 23.00, 3.141593
374.00, 9.00, 23.00, 3.141593
375.00, 8.00, 23.00, 3.141593
376.00, 7.00, 23.00, 3.141593
377.00, 6.00, 23.00, 3.141593
378.00, 5.00, 23.00, 1.570796
379.00, 5.00, 24.00, 1.570796
380.00, 5.00, 25.00, 1.570796
381.00, 5.00, 26.00, 1.570796
382.00, 5.00, 27.00, 1.570796
383.00, 5.00, 28.00, 1.570796
384.00, 5.00, 28.00, 0.000000
385.00, 6.00, 28.00, 0.000000
386.00, 7.00, 28.00, 0.000000
387.00, 8.00, 28.00, 0.000000
388.00, 9.00, 28.00, 0.000000
389.00, 10.00, 28.00, 0.000000
390.00, 11.00, 28.00, 0.000000
391.00, 12.00, 28.00, 0.000000
392.00, 13.00, 28.00, 0.000000
393.00, 14.00, 28.00, 0.000000
394.00, 15.00, 28.00, 0.000000
395.00, 16.00, 28.00, 0.000000
396.00, 17.00, 28.00, 0.000000
397.00, 18.00, 28.00, 0.000000
398.00, 19.00, 28.00, 0.000000
399.00, 20.00, 28.00, 0.000000
400.00, 21.00, 28.00, 0.000000
401.00, 22.00, 28.00, 0.000000
402.00, 23.00, 28.00, 0.000000
403.00, 24.00, 28.00, 0.000000
404.00, 25.00, 28.00, 0.000000
405.00, 26.00, 28.00, 0.000000
406.00, 27.00, 28.00, 0.000000
407.00, 28.00, 28.00, 0.000000
408.00, 29.00, 28.00, 0.000000
409.00, 30.00, 28.00, 0.000000
410.00, 31.00, 28.00, 0.000000
411.00, 32.00, 28.00, 0.000000
412.00, 33.00, 28.00, 0.000000
413.00, 34.00, 28.00, 0.000000
414.00, 35.00, 28.00, 0.000000
415.00, 36.00, 28.00, 0.000000
416.00, 37.00, 28.00, 0.000000
417.00, 38.00, 28.00, 0.000000
418.00, 39.00, 28.00, 0.000000
419.00, 40.00, 28.00, 0.000000
420.00, 41.00, 28.00, 0.000000
421.00, 42.00, 28.00, 0.000000
422.00, 43.00, 28.00, 0.000000
423.00, 44.00, 28.00, 0.000000
424.00, 45.00, 28.00, 0.000000
425.00, 46.00, 28.00, 0.000000
426.00, 47.00, 28.00, 0.000000
427.00, 48.00, 28.00, 0.000000
428.00, 49.00, 28.00, 0.000000
429.00, 50.00, 28.00, 0.000000
430.00, 51.00, 28.00, 0.000000
431.00, 52.00, 28.00, 0.000000
432.00, 53.00, 28.00, 0.000000
433.00, 54.00, 28.00, 0.000000
434.00, 55.00, 28.00, 0.000000
435.00, 56.00, 28.00, 0.000000
436.00, 57.00, 28.00, 0.000000
437.00, 58.00, 28.00, 0.000000
438.00, 59.00, 28.00, 0.000000
439.00, 60.00, 28.00, 0.000000
440.00, 61.00, 28.00, 0.000000
441.00, 62.00, 28.00, 0.000000
442.00, 63.00, 28.00, 0.000000
443.00, 64.00, 28.00, 0.000000
444.00, 65.00, 28.00, 0.000000
445.00, 66.00, 28.00, 0.000000
446.00, 67.00, 28.00, 0.000000
447.00, 68.00, 28.00, 0.000000
448.00, 69.00, 28.00, 0.000000
449.00, 70.00, 28.00, 0.000000
450.00, 71.00, 28.00, 0.000000
451.00, 72.00, 28.00, 0.000000
452.00, 73.00, 28.00, 0.000000
453.00, 74.00, 28.00, 0.000000
454.00, 75.00, 28.00, 0.000000
455.00, 76.00, 28.00, 0.000000
456.00, 77.00, 28.00, 0.000000
457.00, 78.00, 28.00, 0.000000
458.00, 79.00, 28.00, 0.000000
459.00, 80.00, 28.00, 0.000000
460.00, 81.00, 28.00, 0.000000
461.00, 82.00, 28.00, 0.000000
462.00, 83.00, 28.00, 0.000000
463.00, 84.00, 28.00, 0.000000
464.00, 85.00, 28.00, 0.000000
465.00, 86.00, 28.00, 0.000000
466.00, 87.00, 28.00, 0.000000
467.00, 88.00, 28.00, 0.000000
468.00, 89.00, 28.00, 0.000000
469.00, 90.00, 28.00, 0.000000
470.00, 91.00, 28.00, 0.000000
471.00, 92.00, 28.00, 0.000000
472.00, 93.00, 28.00, 0.000000
473.00, 94.00, 28.00, 0.000000
474.00, 95.00, 28.00, 1.570796
475.00, 95.00, 29.00, 1.570796
476.00, 95.00, 30.00, 1.570796
477.00, 95.00, 31.00, 1.570796
478.00, 95.00, 32.00, 1.570796
479.00, 95.00, 33.00, 1.570796
480.00, 95.00, 33.00, 3.141593
481.00, 94.00, 33.00, 3.141593
482.00, 93.00, 33.00, 3.141593
483.00, 92.00, 33.00, 3.141593
484.00, 91.00, 33.00, 3.141593
485.00, 90.00, 33.00, 3.141593
486.00, 89.00, 33.00, 3.141593
487.00, 88.00, 33.00, 3.141593
488.00, 87.00, 33.00, 3.141593
489.00, 86.00, 33.00, 3.141593
490.00, 85.00, 33.00, 3.141593
491.00, 84.00, 33.00, 3.141593
492.00, 83.00, 33.00, 3.141593
493.00, 82.00, 33.00, 3.141593
494.00, 81.00, 33.00, 3.141593
495.00, 80.00, 33.00, 3.141593
496.00, 79.00, 33.00, 3.141593
497.00, 78.00, 33.00, 3.141593
498.00, 77.00, 33.00, 3.141593
499.00, 76.00, 33.00, 3.141593
500.00, 75.00, 33.00, 3.141593
501.00, 74.00, 33.00, 3.141593
502.00, 73.00, 33.00, 3.141593
503.00, 72.00, 33.00, 3.141593
504.00, 71.00, 33.00, 3.141593
505.00, 70.00, 33.00, 3.141593
506.00, 69.00, 33.00, 3.141593
507.00, 68.00, 33.00, 3.141593
508.00, 67.00, 33.00, 3.141593
509.00, 66.00, 33.00, 3.141593
510.00, 65.00, 33.00, 3.141593
511.00, 64.00, 33.00, 3.141593
512.00, 63.00, 33.00, 3.141593
513.00, 62.00, 33.00, 3.141593
514.00, 61.00, 33.00, 3.141593
515.00, 60.00, 33.00, 3.141593
516.00, 59.00, 33.00, 3.141593
517.00, 58.00, 33.00, 3.141593
518.00, 57.00, 33.00, 3.141593
519.00, 56.00, 33.00, 3.141593
520.00, 55.00, 33.00, 3.141593
521.00, 54.00, 33.00, 3.141593
522.00, 53.00, 33.00, 3.141593
523.00, 52.00, 33.00, 3.141593
524.00, 51.00, 33.00, 3.141593
525.00, 50.00, 33.00, 3.141593
526.00, 49.00, 33.00, 3.141593
527.00, 48.00, 33.00, 3.141593
528.00, 47.00, 33.00, 3.141593
529.00, 46.00, 33.00, 3.141593
530.00, 45.00, 33.00, 3.141593
531.00, 44.00, 33.00, 3.141593
532.00, 43.00, 33.00, 3.141593
533.00, 42.00, 33.00, 3.141593
534.00, 41.00, 33.00, 3.141593
535.00, 40.00, 33.00, 3.141593
536.00, 39.00, 33.00, 3.141593
537.00, 38.00, 33.00, 3.141593
538.00, 37.00, 33.00, 3.141593
539.00, 36.00, 33.00, 3.141593
540.00, 35.00, 33.00, 3.141593
541.00, 34.00, 33.00, 3.141593
542.00, 33.00, 33.00, 3.141593
543.00, 32.00, 33.00, 3.141593
544.00, 31.00, 33.00, 3.141593
545.00, 30.00, 33.00, 3.141593
546.00, 29.00, 33.00, 3.141593
547.00, 28.00, 33.00, 3.141593
548.00, 27.00, 33.00, 3.141593
549.00, 26.00, 33.00, 3.141593
550.00, 25.00, 33.00, 3.141593
551.00, 24.00, 33.00, 3.141593
552.00, 23.00, 33.00, 3.141593
553.00, 22.00, 33.00, 3.141593
554.00, 21.00, 33.00, 3.141593
555.00, 20.00, 33.00, 3.141593
556.00, 19.00, 33.00, 3.141593
557.00, 18.00, 33.00, 3.141593
558.00, 17.00, 33.00, 3.141593
559.00, 16.00, 33.00, 3.141593
560.00, 15.00, 33.00, 3.141593
561.00, 14.00, 33.00, 3.141593
562.00, 13.00, 33.00, 3.141593
563.00, 12.00, 33.00, 3.141593
564.00, 11.00, 33.00, 3.141593
565.00, 10.00, 33.00, 3.141593
566.00, 9.00, 33.00, 3.141593
567.00, 8.00, 33.00, 3.141593
568.00, 7.00, 33.00, 3.141593
569.00, 6.00, 33.00, 3.141593
570.00, 5.00, 33.00, 1.570796
571.00, 5.00, 34.00, 1.570796
572.00, 5.00, 35.00, 1.570796
573.00, 5.00, 36.00, 1.570796
574.00, 5.00, 37.00, 1.570796
575.00, 5.00, 38.00, 1.570796
576.00, 5.00, 38.00, 0.000000
577.00, 6.00, 38.00, 0.000000
578.00, 7.00, 38.00, 0.000000
579.00, 8.00, 38.00, 0.000000
580.00, 9.00, 38.00, 0.000000
581.00, 10.00, 38.00, 0.000000
582.00, 11.00, 38.00, 0.000000
583.00, 12.00, 38.00, 0.000000
584.00, 13.00, 38.00, 0.000000
585.00, 14.00, 38.00, 0.000000
586.00, 15.00, 38.00, 0.000000
587.00, 16.00, 38.00, 0.000000
588.00, 17.00, 38.00, 0.000000
589.00, 18.00, 38.00, 0.000000
590.00, 19.00, 38.00, 0.000000
591.00, 20.00, 38.00, 0.000000
592.00, 21.00, 38.00, 0.000000
593.00, 22.00, 38.00, 0.000000
594.00, 23.00, 38.00, 0.000000
595.00, 24.00, 38.00, 0.000000
596.00, 25.00, 38.00, 0.000000
597.00, 26.00, 38.00, 0.000000
598.00, 27.00, 38.00, 0.000000
599.00, 28.00, 38.00, 0.000000
600.00, 29.00, 38.00, 0.000000
601.00, 30.00, 38.00, 0.000000
602.00, 31.00, 38.00, 0.000000
603.00, 32.00, 38.00, 0.000000
604.00, 33.00, 38.00, 0.000000
605.00, 34.00, 38.00, 0.000000
606.00, 35.00, 38.00, 0.000000
607.00, 36.00, 38.00, 0.000000
608.00, 37.00, 38.00, 0.000000
609.00, 38.00, 38.00, 0.000000
610.00, 39.00, 38.00, 0.000000
611.00, 40.00, 38.00, 0.000000
612.00, 41.00, 38.00, 0.000000
613.00, 42.00, 38.00, 0.000000
614.00, 43.00, 38.00, 0.000000
615.00, 44.00, 38.00, 0.000000
616.00, 45.00, 38.00, 0.000000
617.00, 46.00, 38.00, 0.000000
618.00, 47.00, 38.00, 0.000000
619.00, 48.00, 38.00, 0.000000
620.00, 49.00, 38.00, 0.000000
621.00, 50.00, 38.00, 0.000000
622.00, 51.00, 38.00, 0.000000
623.00, 52.00, 38.00, 0.000000
624.00, 53.00, 38.00, 0.000000
625.00, 54.00, 38.00, 0.000000
626.00, 55.00, 38.00, 0.000000
627.00, 56.00, 38.00, 0.000000
628.00, 57.00, 38.00, 0.000000
629.00, 58.00, 38.00, 0.000000
630.00, 59.00, 38.00, 0.000000
631.00, 60.00, 38.00, 0.000000
632.00, 61.00, 38.00, 0.000000
633.00, 62.00, 38.00, 0.000000
634.00, 63.00, 38.00, 0.000000
635.00, 64.00, 38.00, 0.000000
636.00, 65.00, 38.00, 0.000000
637.00, 66.00, 38.00, 0.000000
638.00, 67.00, 38.00, 0.000000
639.00, 68.00, 38.00, 0.000000
640.00, 69.00, 38.00, 0.000000
641.00, 70.00, 38.00, 0.000000
642.00, 71.00, 38.00, 0.000000
643.00, 72.00, 38.00, 0.000000
644.00, 73.00, 38.00, 0.000000
645.00, 74.00, 38.00, 0.000000
646.00, 75.00, 38.00, 0.000000
647.00, 76.00, 38.00, 0.000000
648.00, 77.00, 38.00, 0.000000
649.00, 78.00, 38.00, 0.000000
650.00, 79.00, 38.00, 0.000000
651.00, 80.00, 38.00, 0.000000
652.00, 81.00, 38.00, 0.000000
653.00, 82.00, 38.00, 0.000000
654.00, 83.00, 38.00, 0.000000
655.00, 84.00, 38.00, 0.000000
656.00, 85.00, 38.00, 0.000000
657.00, 86.00, 38.00, 0.000000
658.00, 87.00, 38.00, 0.000000
659.00, 88.00, 38.00, 0.000000
660.00, 89.00, 38.00, 0.000000
661.00, 90.00, 38.00, 0.000000
662.00, 91.00, 38.00, 0.000000
663.00, 92.00, 38.00, 0.000000
664.00, 93.00, 38.00, 0.000000
665.00, 94.00, 38.00, 0.000000
666.00, 95.00, 38.00, 1.570796
667.00, 95.00, 39.00, 1.570796
668.00, 95.00, 40.00, 1.570796
669.00, 95.00, 41.00, 1.570796
670.00, 95.00, 42.00, 1.570796
671.00, 95.00, 43.00, 1.570796
672.00, 95.00, 43.00, 3.141593
673.00, 94.00, 43.00, 3.141593
674.00, 93.00, 43.00, 3.141593
675.00, 92.00, 43.00, 3.141593
676.00, 91.00, 43.00, 3.141593
677.00, 90.00, 43.00, 3.141593
678.00, 89.00, 43.00, 3.141593
679.00, 88.00, 43.00, 3.141593
680.00, 87.00, 43.00, 3.141593
681.00, 86.00, 43.00, 3.141593
682.00, 85.00, 43.00, 3.141593
683.00, 84.00, 43.00, 3.141593
684.00, 83.00, 43.00, 3.141593
685.00, 82.00, 43.00, 3.141593
686.00, 81.00, 43.00, 3.141593
687.00, 80.00, 43.00, 3.141593
688.00, 79.00, 43.00, 3.141593
689.00, 78.00, 43.00, 3.141593
690.00, 77.00, 43.00, 3.141593
691.00, 76.00, 43.00, 3.141593
692.00, 75.00, 43.00, 3.141593
693.00, 74.00, 43.00, 3.141593
694.00, 73.00, 43.00, 3.141593
695.00, 72.00, 43.00, 3.141593
696.00, 71.00, 43.00, 3.141593
697.00, 70.00, 43.00, 3.141593
698.00, 69.00, 43.00, 3.141593
699.00, 68.00, 43.00, 3.141593
700.00, 67.00, 43.00, 3.141593
701.00, 66.00, 43.00, 3.141593
702.00, 65.00, 43.00, 3.141593
703.00, 64.00, 43.00, 3.141593
704.00, 63.00, 43.00, 3.141593
705.00, 62.00, 43.00, 3.141593
706.00, 61.00, 43.00, 3.141593
707.00, 60.00, 43.00, 3.141593
708.00, 59.00, 43.00, 3.141593
709.00, 58.00, 43.00, 3.141593
710.00, 57.00, 43.00, 3.141593
711.00, 56.00, 43.00, 3.141593
712.00, 55.00, 43.00, 3.141593
713.00, 54.00, 43.00, 3.141593
714.00, 53.00, 43.00, 3.141593
715.00, 52.00, 43.00, 3.141593
716.00, 51.00, 43.00, 3.141593
717.00, 50.00, 43.00, 3.141593
718.00, 49.00, 43.00, 3.141593
719.00, 48.00, 43.00, 3.141593
720.00, 47.00, 43.00, 3.141593
721.00, 46.00, 43.00, 3.141593
722.00, 45.00, 43.00, 3.141593
723.00, 44.00, 43.00, 3.141593
724.00, 43.00, 43.00, 3.141593
725.00, 42.00, 43.00, 3.141593
726.00, 41.00, 43.00, 3.141593
727.00, 40.00, 43.00, 3.141593
728.00, 39.00, 43.00, 3.141593
729.00, 38.00, 43.00, 3.141593
730.00, 37.00, 43.00, 3.141593
731.00, 36.00, 43.00, 3.141593
732.00, 35.00, 43.00, 3.141593
733.00, 34.00, 43.00, 3.141593
734.00, 33.00, 43.00, 3.141593
735.00, 32.00, 43.00, 3.141593
736.00, 31.00, 43.00, 3.141593
737.00, 30.00, 43.00, 3.141593
738.00, 29.00, 43.00, 3.141593
739.00, 28.00, 43.00, 3.141593
740.00, 27.00, 43.00, 3.141593
741.00, 26.00, 43.00, 3.141593
742.00, 25.00, 43.00, 3.141593
743.00, 24.00, 43.00, 3.141593
744.00, 23.00, 43.00, 3.141593
745.00, 22.00, 43.00, 3.141593
746.00, 21.00, 43.00, 3.141593
747.00, 20.00, 43.00, 3.141593
748.00, 19.00, 43.00, 3.141593
749.00, 18.00, 43.00, 3.141593
750.00, 17.00, 43.00, 3.141593
751.00, 16.00, 43.00, 3.141593
752.00, 15.00, 43.00, 3.141593
753.00, 14.00, 43.00, 3.141593
754.00, 13.00, 43.00, 3.141593
755.00, 12.00, 43.00, 3.141593
756.00, 11.00, 43.00, 3.141593
757.00, 10.00, 43.00, 3.141593
758.00, 9.00, 43.00, 3.141593
759.00, 8.00, 43.00, 3.141593
760.00, 7.00, 43.00, 3.141593
761.00, 6.00, 43.00, 3.141593
762.00, 5.00, 43.00, 1.570796
763.00, 5.00, 44.00, 1.570796
764.00, 5.00, 45.00, 1.570796
765.00, 5.00, 46.00, 1.570796
766.00, 5.00, 47.00, 1.570796
767.00, 5.00, 48.00, 1.570796
768.00, 5.00, 48.00, 0.000000
769.00, 6.00, 48.00, 0.000000
770.00, 7.00, 48.00, 0.000000
771.00, 8.00, 48.00, 0.000000
772.00, 9.00, 48.00, 0.000000
773.00, 10.00, 48.00, 0.000000
774.00, 11.00, 48.00, 0.000000
775.00, 12.00, 48.00, 0.000000
776.00, 13.00, 48.00, 0.000000
777.00, 14.00, 48.00, 0.000000
778.00, 15.00, 48.00, 0.000000
779.00, 16.00, 48.00, 0.000000
780.00, 17.00, 48.00, 0.000000
781.00, 18.00, 48.00, 0.000000
782.00, 19.00, 48.00, 0.000000
783.00, 20.00, 48.00, 0.000000
784.00, 21.00, 48.00, 0.000000
785.00, 22.00, 48.00, 0.000000
786.00, 23.00, 48.00, 0.000000
787.00, 24.00, 48.00, 0.000000
788.00, 25.00, 48.00, 0.000000
789.00, 26.00, 48.00, 0.000000
790.00, 27.00, 48.00, 0.000000
791.00, 28.00, 48.00, 0.000000
792.00, 29.00, 48.00, 0.000000
793.00, 30.00, 48.00, 0.000000
794.00, 31.00, 48.00, 0.000000
795.00, 32.00, 48.00, 0.000000
796.00, 33.00, 48.00, 0.000000
797.00, 34.00, 48.00, 0.000000
798.00, 35.00, 48.00, 0.000000
799.00, 36.00, 48.00, 0.000000
800.00, 37.00, 48.00, 0.000000
801.00, 38.00, 48.00, 0.000000
802.00, 39.00, 48.00, 0.000000
803.00, 40.00, 48.00, 0.000000
804.00, 41.00, 48.00, 0.000000
805.00, 42.00, 48.00, 0.000000
806.00, 43.00, 48.00, 0.000000
807.00, 44.00, 48.00, 0.000000
808.00, 45.00, 48.00, 0.000000
809.00, 46.00, 48.00, 0.000000
810.00, 47.00, 48.00, 0.000000
811.00, 48.00, 48.00, 0.000000
812.00, 49.00, 48.00, 0.000000
813.00, 50.00, 48.00, 0.000000
814.00, 51.00, 48.00, 0.000000
815.00, 52.00, 48.00, 0.000000
816.00, 53.00, 48.00, 0.000000
817.00, 54.00, 48.00, 0.000000
818.00, 55.00, 48.00, 0.000000
819.00, 56.00, 48.00, 0.000000
820.00, 57.00, 48.00, 0.000000
821.00, 58.00, 48.00, 0.000000
822.00, 59.00, 48.00, 0.000000
823.00, 60.00, 48.00, 0.000000
824.00, 61.00, 48.00, 0.000000
825.00, 62.00, 48.00, 0.000000
826.00, 63.00, 48.00, 0.000000
827.00, 64.00, 48.00, 0.000000
828.00, 65.00, 48.00, 0.000000
829.00, 66.00, 48.00, 0.000000
830.00, 67.00, 48.00, 0.000000
831.00, 68.00, 48.00, 0.000000
832.00, 69.00, 48.00, 0.000000
833.00, 70.00, 48.00, 0.000000
834.00, 71.00, 48.00, 0.000000
835.00, 72.00, 48.00, 0.000000
836.00, 73.00, 48.00, 0.000000
837.00, 74.00, 48.00, 0.000000
838.00, 75.00, 48.00, 0.000000
839.00, 76.00, 48.00, 0.000000
840.00, 77.00, 48.00, 0.000000
841.00, 78.00, 48.00, 0.000000
842.00, 79.00, 48.00, 0.000000
843.00, 80.00, 48.00, 0.000000
844.00, 81.00, 48.00, 0.000000
845.00, 82.00, 48.00, 0.000000
846.00, 83.00, 48.00, 0.000000
847.00, 84.00, 48.00, 0.000000
848.00, 85.00, 48.00, 0.000000
849.00, 86.00, 48.00, 0.000000
850.00, 87.00, 48.00, 0.000000
851.00, 88.00, 48.00, 0.000000
852.00, 89.00, 48.00, 0.000000
853.00, 90.00, 48.00, 0.000000
854.00, 91.00, 48.00, 0.000000
855.00, 92.00, 48.00, 0.000000
856.00, 93.00, 48.00, 0.000000
857.00, 94.00, 48.00, 0.000000
858.00, 95.00, 48.00, 1.570796
859.00, 95.00, 49.00, 1.570796
860.00, 95.00, 50.00, 1.570796
861.00, 95.00, 51.00, 1.570796
862.00, 95.00, 52.00, 1.570796
863.00, 95.00, 53.00, 1.570796
864.00, 95.00, 53.00, 3.141593
865.00, 94.00, 53.00, 3.141593
866.00, 93.00, 53.00, 3.141593
867.00, 92.00, 53.00, 3.141593
868.00, 91.00, 53.00, 3.141593
869.00, 90.00, 53.00, 3.141593
870.00, 89.00, 53.00, 3.141593
871.00, 88.00, 53.00, 3.141593
872.00, 87.00, 53.00, 3.141593
873.00, 86.00, 53.00, 3.141593
874.00, 85.00, 53.00, 3.141593
875.00, 84.00, 53.00, 3.141593
876.00, 83.00, 53.00, 3.141593
877.00, 82.00, 53.00, 3.141593
878.00, 81.00, 53.00, 3.141593
879.00, 80.00, 53.00, 3.141593
880.00, 79.00, 53.00, 3.141593
881.00, 78.00, 53.00, 3.141593
882.00, 77.00, 53.00, 3.141593
883.00, 76.00, 53.00, 3.141593
884.00, 75.00, 53.00, 3.141593
885.00, 74.00, 53.00, 3.141593
886.00, 73.00, 53.00, 3.141593
887.00, 72.00, 53.00, 3.141593
888.00, 71.00, 53.00, 3.141593
889.00, 70.00, 53.00, 3.141593
890.00, 69.00, 53.00, 3.141593
891.00, 68.00, 53.00, 3.141593
892.00, 67.00, 53.00, 3.141593
893.00, 66.00, 53.00, 3.141593
894.00, 65.00, 53.00, 3.141593
895.00, 64.00, 53.00, 3.141593
896.00, 63.00, 53.00, 3.141593
897.00, 62.00, 53.00, 3.141593
898.00, 61.00, 53.00, 3.141593
899.00, 60.00, 53.00, 3.141593
900.00, 59.00, 53.00, 3.141593
901.00, 58.00, 53.00, 3.141593
902.00, 57.00, 53.00, 3.141593
903.00, 56.00, 53.00, 3.141593
904.00, 55.00, 53.00, 3.141593
905.00, 54.00, 53.00, 3.141593
906.00, 53.00, 53.00, 3.141593
907.00, 52.00, 53.00, 3.141593
908.00, 51.00, 53.00, 3.141593
909.00, 50.00, 53.00, 3.141593
910.00, 49.00, 53.00, 3.141593
911.00, 48.00, 53.00, 3.141593
912.00, 47.00, 53.00, 3.141593
913.00, 46.00, 53.00, 3.141593
914.00, 45.00, 53.00, 3.141593
915.00, 44.00, 53.00, 3.141593
916.00, 43.00, 53.00, 3.141593
917.00, 42.00, 53.00, 3.141593
918.00, 41.00, 53.00, 3.141593
919.00, 40.00, 53.00, 3.141593
920.00, 39.00, 53.00, 3.141593
921.00, 38.00, 53.00, 3.141593
922.00, 37.00, 53.00, 3.141593
923.00, 36.00, 53.00, 3.141593
924.00, 35.00, 53.00, 3.141593
925.00, 34.00, 53.00, 3.141593
926.00, 33.00, 53.00, 3.141593
927.00, 32.00, 53.00, 3.141593
928.00, 31.00, 53.00, 3.141593
929.00, 30.00, 53.00, 3.141593
930.00, 29.00, 53.00, 3.141593
931.00, 28.00, 53.00, 3.141593
932.00, 27.00, 53.00, 3.141593
933.00, 26.00, 53.00, 3.141593
934.00, 25.00, 53.00, 3.141593
935.00, 24.00, 53.00, 3.141593
936.00, 23.00, 53.00, 3.141593
937.00, 22.00, 53.00, 3.141593
938.00, 21.00, 53.00, 3.141593
939.00, 20.00, 53.00, 3.141593
940.00, 19.00, 53.00, 3.141593
941.00, 18.00, 53.00, 3.141593
942.00, 17.00, 53.00, 3.141593
943.00, 16.00, 53.00, 3.141593
944.00, 15.00, 53.00, 3.141593
945.00, 14.00, 53.00, 3.141593
946.00, 13.00, 53.00, 3.141593
947.00, 12.00, 53.00, 3.141593
948.00, 11.00, 53.00, 3.141593
949.00, 10.00, 53.00, 3.141593
950.00, 9.00, 53.00, 3.141593
951.00, 8.00, 53.00, 3.141593
952.00, 7.00, 53.00, 3.141593
953.00, 6.00, 53.00, 3.141593
954.00, 5.00, 53.00, 1.570796
955.00, 5.00, 54.00, 1.570796
956.00, 5.00, 55.00, 1.570796
957.00, 5.00, 56.00, 1.570796
958.00, 5.00, 57.00, 1.570796
959.00, 5.00, 58.00, 1.570796
960.00, 5.00, 58.00, 0.000000
961.00, 6.00, 58.00, 0.000000
962.00, 7.00, 58.00, 0.000000
963.00, 8.00, 58.00, 0.000000
964.00, 9.00, 58.00, 0.000000
965.00, 10.00, 58.00, 0.000000
966.00, 11.00, 58.00, 0.000000
967.00, 12.00, 58.00, 0.000000
968.00, 13.00, 58.00, 0.000000
969.00, 14.00, 58.00, 0.000000
970.00, 15.00, 58.00, 0.000000
971.00, 16.00, 58.00, 0.000000
972.00, 17.00, 58.00, 0.000000
973.00, 18.00, 58.00, 0.000000
974.00, 19.00, 58.00, 0.000000
975.00, 20.00, 58.00, 0.000000
976.00, 21.00, 58.00, 0.000000
977.00, 22.00, 58.00, 0.000000
978.00, 23.00, 58.00, 0.000000
979.00, 24.00, 58.00, 0.000000
980.00, 25.00, 58.00, 0.000000
981.00, 26.00, 58.00, 0.000000
982.00, 27.00, 58.00, 0.000000
983.00, 28.00, 58.00, 0.000000
984.00, 29.00, 58.00, 0.000000
985.00, 30.00, 58.00, 0.000000
986.00, 31.00, 58.00, 0.000000
987.00, 32.00, 58.00, 0.000000
988.00, 33.00, 58.00, 0.000000
989.00, 34.00, 58.00, 0.000000
990.00, 35.00, 58.00, 0.000000
991.00, 36.00, 58.00, 0.000000
992.00, 37.00, 58.00, 0.000000
993.00, 38.00, 58.00, 0.000000
994.00, 39.00, 58.00, 0.000000
995.00, 40.00, 58.00, 0.000000
996.00, 41.00, 58.00, 0.000000
997.00, 42.00, 58.00, 0.000000
998.00, 43.00, 58.00, 0.000000
999.00, 44.00, 58.00, 0.000000
1000.00, 45.00, 58.00, 0.000000
1001.00, 46.00, 58.00, 0.000000
1002.00, 47.00, 58.00, 0.000000
1003.00, 48.00, 58.00, 0.000000
1004.00, 49.00, 58.00, 0.000000
1005.00, 50.00, 58.00, 0.000000
1006.00, 51.00, 58.00, 0.000000
1007.00, 52.00, 58.00, 0.000000
1008.00, 53.00, 58.00, 0.000000
1009.00, 54.00, 58.00, 0.000000
1010.00, 55.00, 58.00, 0.000000
1011.00, 56.00, 58.00, 0.000000
1012.00, 57.00, 58.00, 0.000000
1013.00, 58.00, 58.00, 0.000000
1014.00, 59.00, 58.00, 0.000000
1015.00, 60.00, 58.00, 0.000000
1016.00, 61.00, 58.00, 0.000000
1017.00, 62.00, 58.00, 0.000000
1018.00, 63.00, 58.00, 0.000000
1019.00, 64.00, 58.00, 0.000000
1020.00, 65.00, 58.00, 0.000000
1021.00, 66.00, 58.00, 0.000000
1022.00, 67.00, 58.00, 0.000000
1023.00, 68.00, 58.00, 0.000000
1024.00, 69.00, 58.00, 0.000000
1025.00, 70.00, 58.00, 0.000000
1026.00, 71.00, 58.00, 0.000000
1027.00, 72.00, 58.00, 0.000000
1028.00, 73.00, 58.00, 0.000000
1029.00, 74.00, 58.00, 0.000000
1030.00, 75.00, 58.00, 0.000000
1031.00, 76.00, 58.00, 0.000000
1032.00, 77.00, 58.00, 0.000000
1033.00, 78.00, 58.00, 0.000000
1034.00, 79.00, 58.00, 0.000000
1035.00, 80.00, 58.00, 0.000000
1036.00, 81.00, 58.00, 0.000000
1037.00, 82.00, 58.00, 0.000000
1038.00, 83.00, 58.00, 0.000000
1039.00, 84.00, 58.00, 0.000000
1040.00, 85.00, 58.00, 0.000000
1041.00, 86.00, 58.00, 0.000000
1042.00, 87.00, 58.00, 0.000000
1043.00, 88.00, 58.00, 0.000000
1044.00, 89.00, 58.00, 0.000000
1045.00, 90.00, 58.00, 0.000000
1046.00, 91.00, 58.00, 0.000000
1047.00, 92.00, 58.00, 0.000000
1048.00, 93.00, 58.00, 0.000000
1049.00, 94.00, 58.00, 0.000000
1050.00, 95.00, 58.00, 1.570796
1051.00, 95.00, 59.00, 1.570796
1052.00, 95.00, 60.00, 1.570796
1053.00, 95.00, 61.00, 1.570796
1054.00, 95.00, 62.00, 1.570796
1055.00, 95.00, 63.00, 1.570796
1056.00, 95.00, 63.00, 3.141593
1057.00, 94.00, 63.00, 3.141593
1058.00, 93.00, 63.00, 3.141593
1059.00, 92.00, 63.00, 3.141593
1060.00, 91.00, 63.00, 3.141593
1061.00, 90.00, 63.00, 3.141593
1062.00, 89.00, 63.00, 3.141593
1063.00, 88.00, 63.00, 3.141593
1064.00, 87.00, 63.00, 3.141593
1065.00, 86.00, 63.00, 3.141593
1066.00, 85.00, 63.00, 3.141593
1067.00, 84.00, 63.00, 3.141593
1068.00, 83.00, 63.00, 3.141593
1069.00, 82.00, 63.00, 3.141593
1070.00, 81.00, 63.00, 3.141593
1071.00, 80.00, 63.00, 3.141593
1072.00, 79.00, 63.00, 3.141593
1073.00, 78.00, 63.00, 3.141593
1074.00, 77.00, 63.00, 3.141593
1075.00, 76.00, 63.00, 3.141593
1076.00, 75.00, 63.00, 3.141593
1077.00, 74.00, 63.00, 3.141593
1078.00, 73.00, 63.00, 3.141593
1079.00, 72.00, 63.00, 3.141593
1080.00, 71.00, 63.00, 3.141593
1081.00, 70.00, 63.00, 3.141593
1082.00, 69.00, 63.00, 3.141593
1083.00, 68.00, 63.00, 3.141593
1084.00, 67.00, 63.00, 3.141593
1085.00, 66.00, 63.00, 3.141593
1086.00, 65.00, 63.00, 3.141593
1087.00, 64.00, 63.00, 3.141593
1088.00, 63.00, 63.00, 3.141593
1089.00, 62.00, 63.00, 3.141593
1090.00, 61.00, 63.00, 3.141593
1091.00, 60.00, 63.00, 3.141593
1092.00, 59.00, 63.00, 3.141593
1093.00, 58.00, 63.00, 3.141593
1094.00, 57.00, 63.00, 3.141593
1095.00, 56.00, 63.00, 3.141593
1096.00, 55.00, 63.00, 3.141593
1097.00, 54.00, 63.00, 3.141593
1098.00, 53.00, 63.00, 3.141593
1099.00, 52.00, 63.00, 3.141593
1100.00, 51.00, 63.00, 3.141593
1101.00, 50.00, 63.00, 3.141593
1102.00, 49.00, 63.00, 3.141593
1103.00, 48.00, 63.00, 3.141593
1104.00, 47.00, 63.00, 3.141593
1105.00, 46.00, 63.00, 3.141593
1106.00, 45.00, 63.00, 3.141593
1107.00, 44.00, 63.00, 3.141593
1108.00, 43.00, 63.00, 3.141593
1109.00, 42.00, 63.00, 3.141593
1110.00, 41.00, 63.00, 3.141593
1111.00, 40.00, 63.00, 3.141593
1112.00, 39.00, 63.00, 3.141593
1113.00, 38.00, 63.00, 3.141593
1114.00, 37.00, 63.00, 3.141593
1115.00, 36.00, 63.00, 3.141593
1116.00, 35.00, 63.00, 3.141593
1117.00, 34.00, 63.00, 3.141593
1118.00, 33.00, 63.00, 3.141593
1119.00, 32.00, 63.00, 3.141593
1120.00, 31.00, 63.00, 3.141593
1121.00, 30.00, 63.00, 3.141593
1122.00, 29.00, 63.00, 3.141593
1123.00, 28.00, 63.00, 3.141593
1124.00, 27.00, 63.00, 3.141593
1125.00, 26.00, 63.00, 3.141593
1126.00, 25.00, 63.00, 3.141593
1127.00, 24.00, 63.00, 3.141593
1128.00, 23.00, 63.00, 3.141593
1129.00, 22.00, 63.00, 3.141593
1130.00, 21.00, 63.00, 3.141593
1131.00, 20.00, 63.00, 3.141593
1132.00, 19.00, 63.00, 3.141593
1133.00, 18.00, 63.00, 3.141593
1134.00, 17.00, 63.00, 3.141593
1135.00, 16.00, 63.00, 3.141593
1136.00, 15.00, 63.00, 3.141593
1137.00, 14.00, 63.00, 3.141593
1138.00, 13.00, 63.00, 3.141593
1139.00, 12.00, 63.00, 3.141593
1140.00, 11.00, 63.00, 3.141593
1141.00, 10.00, 63.00, 3.141593
1142.00, 9.00, 63.00, 3.141593
1143.00, 8.00, 63.00, 3.141593
1144.00, 7.00, 63.00, 3.141593
1145.00, 6.00, 63.00, 3.141593
1146.00, 5.00, 63.00, 1.570796
1147.00, 5.00, 64.00, 1.570796
1148.00, 5.00, 65.00, 1.570796
1149.00, 5.00, 66.00, 1.570796
1150.00, 5.00, 67.00, 1.570796
1151.00, 5.00, 68.00, 1.570796
1152.00, 5.00, 68.00, 0.000000
1153.00, 6.00, 68.00, 0.000000
1154.00, 7.00, 68.00, 0.000000
1155.00, 8.00, 68.00, 0.000000
1156.00, 9.00, 68.00, 0.000000
1157.00, 10.00, 68.00, 0.000000
1158.00, 11.00, 68.00, 0.000000
1159.00, 12.00, 68.00, 0.000000
1160.00, 13.00, 68.00, 0.000000
1161.00, 14.00, 68.00, 0.000000
1162.00, 15.00, 68.00, 0.000000
1163.00, 16.00, 68.00, 0.000000
1164.00, 17.00, 68.00, 0.000000
1165.00, 18.00, 68.00, 0.000000
1166.00, 19.00, 68.00, 0.000000
1167.00, 20.00, 68.00, 0.000000
1168.00, 21.00, 68.00, 0.000000
1169.00, 22.00, 68.00, 0.000000
1170.00, 23.00, 68.00, 0.000000
1171.00, 24.00, 68.00, 0.000000
1172.00, 25.00, 68.00, 0.000000
1173.00, 26.00, 68.00, 0.000000
1174.00, 27.00, 68.00, 0.000000
1175.00, 28.00, 68.00, 0.000000
1176.00, 29.00, 68.00, 0.000000
1177.00, 30.00, 68.00, 0.000000
1178.00, 31.00, 68.00, 0.000000
1179.00, 32.00, 68.00, 0.000000
1180.00, 33.00, 68.00, 0.000000
1181.00, 34.00, 68.00, 0.000000
1182.00, 35.00, 68.00, 0.000000
1183.00, 36.00, 68.00, 0.000000
1184.00, 37.00, 68.00, 0.000000
1185.00, 38.00, 68.00, 0.000000
1186.00, 39.00, 68.00, 0.000000
1187.00, 40.00, 68.00, 0.000000
1188.00, 41.00, 68.00, 0.000000
1189.00, 42.00, 68.00, 0.000000
1190.00, 43.00, 68.00, 0.000000
1191.00, 44.00, 68.00, 0.000000
1192.00, 45.00, 68.00, 0.000000
1193.00, 46.00, 68.00, 0.000000
1194.00, 47.00, 68.00, 0.000000
1195.00, 48.00, 68.00, 0.000000
1196.00, 49.00, 68.00, 0.000000
1197.00, 50.00, 68.00, 0.000000
1198.00, 51.00, 68.00, 0.000000
1199.00, 52.00, 68.00, 0.000000
1200.00, 53.00, 68.00, 0.000000
1201.00, 54.00, 68.00, 0.000000
1202.00, 55.00, 68.00, 0.000000
1203.00, 56.00, 68.00, 0.000000
1204.00, 57.00, 68.00, 0.000000
1205.00, 58.00, 68.00, 0.000000
1206.00, 59.00, 68.00, 0.000000
1207.00, 60.00, 68.00, 0.000000
1208.00, 61.00, 68.00, 0.000000
1209.00, 62.00, 68.00, 0.000000
1210.00, 63.00, 68.00, 0.000000
1211.00, 64.00, 68.00, 0.000000
1212.00, 65.00, 68.00, 0.000000
1213.00, 66.00, 68.00, 0.000000
1214.00, 67.00, 68.00, 0.000000
1215.00, 68.00, 68.00, 0.000000
1216.00, 69.00, 68.00, 0.000000
1217.00, 70.00, 68.00, 0.000000
1218.00, 71.00, 68.00, 0.000000
1219.00, 72.00, 68.00, 0.000000
1220.00, 73.00, 68.00, 0.000000
1221.00, 74.00, 68.00, 0.000000
1222.00, 75.00, 68.00, 0.000000
1223.00, 76.00, 68.00, 0.000000
1224.00, 77.00, 68.00, 0.000000
1225.00, 78.00, 68.00, 0.000000
1226.00, 79.00, 68.00, 0.000000
1227.00, 80.00, 68.00, 0.000000
1228.00, 81.00, 68.00, 0.000000
1229.00, 82.00, 68.00, 0.000000
1230.00, 83.00, 68.00, 0.000000
1231.00, 84.00, 68.00, 0.000000
1232.00, 85.00, 68.00, 0.000000
1233.00, 86.00, 68.00, 0.000000
1234.00, 87.00, 68.00, 0.000000
1235.00, 88.00, 68.00, 0.000000
1236.00, 89.00, 68.00, 0.000000
1237.00, 90.00, 68.00, 0.000000
1238.00, 91.00, 68.00, 0.000000
1239.00, 92.00, 68.00, 0.000000
1240.00, 93.00, 68.00, 0.000000
1241.00, 94.00, 68.00, 0.000000
1242.00, 95.00, 68.00, 1.570796
1243.00, 95.00, 69.00, 1.570796
1244.00, 95.00, 70.00, 1.570796
1245.00, 95.00, 71.00, 1.570796
1246.00, 95.00, 72.00, 1.570796
1247.00, 95.00, 73.00, 1.570796
1248.00, 95.00, 73.00, 3.141593
1249.00, 94.00, 73.00, 3.141593
1250.00, 93.00, 73.00, 3.141593
1251.00, 92.00, 73.00, 3.141593
1252.00, 91.00, 73.00, 3.141593
1253.00, 90.00, 73.00, 3.141593
1254.00, 89.00, 73.00, 3.141593
1255.00, 88.00, 73.00, 3.141593
1256.00, 87.00, 73.00, 3.141593
1257.00, 86.00, 73.00, 3.141593
1258.00, 85.00, 73.00, 3.141593
1259.00, 84.00, 73.00, 3.141593
1260.00, 83.00, 73.00, 3.141593
1261.00, 82.00, 73.00, 3.141593
1262.00, 81.00, 73.00, 3.141593
1263.00, 80.00, 73.00, 3.141593
1264.00, 79.00, 73.00, 3.141593
1265.00, 78.00, 73.00, 3.141593
1266.00, 77.00, 73.00, 3.141593
1267.00, 76.00, 73.00, 3.141593
1268.00, 75.00, 73.00, 3.141593
1269.00, 74.00, 73.00, 3.141593
1270.00, 73.00, 73.00, 3.141593
1271.00, 72.00, 73.00, 3.141593
1272.00, 71.00, 73.00, 3.141593
1273.00, 70.00, 73.00, 3.141593
1274.00, 69.00, 73.00, 3.141593
1275.00, 68.00, 73.00, 3.141593
1276.00, 67.00, 73.00, 3.141593
1277.00, 66.00, 73.00, 3.141593
1278.00, 65.00, 73.00, 3.141593
1279.00, 64.00, 73.00, 3.141593
1280.00, 63.00, 73.00, 3.141593
1281.00, 62.00, 73.00, 3.141593
1282.00, 61.00, 73.00, 3.141593
1283.00, 60.00, 73.00, 3.141593
1284.00, 59.00, 73.00, 3.141593
1285.00, 58.00, 73.00, 3.141593
1286.00, 57.00, 73.00, 3.141593
1287.00, 56.00, 73.00, 3.141593
1288.00, 55.00, 73.00, 3.141593
1289.00, 54.00, 73.00, 3.141593
1290.00, 53.00, 73.00, 3.141593
1291.00, 52.00, 73.00, 3.141593
1292.00, 51.00, 73.00, 3.141593
1293.00, 50.00, 73.00, 3.141593
1294.00, 49.00, 73.00, 3.141593
1295.00, 48.00, 73.00, 3.141593
1296.00, 47.00, 73.00, 3.141593
1297.00, 46.00, 73.00, 3.141593
1298.00, 45.00, 73.00, 3.141593
1299.00, 44.00, 73.00, 3.141593
1300.00, 43.00, 73.00, 3.141593
1301.00, 42.00, 73.00, 3.141593
1302.00, 41.00, 73.00, 3.141593
1303.00, 40.00, 73.00, 3.141593
1304.00, 39.00, 73.00, 3.141593
1305.00, 38.00, 73.00, 3.141593
1306.00, 37.00, 73.00, 3.141593
1307.00, 36.00, 73.00, 3.141593
1308.00, 35.00, 73.00, 3.141593
1309.00, 34.00, 73.00, 3.141593
1310.00, 33.00, 73.00, 3.141593
1311.00, 32.00, 73.00, 3.141593
1312.00, 31.00, 73.00, 3.141593
1313.00, 30.00, 73.00, 3.141593
1314.00, 29.00, 73.00, 3.141593
1315.00, 28.00, 73.00, 3.141593
1316.00, 27.00, 73.00, 3.141593
1317.00, 26.00, 73.00, 3.141593
1318.00, 25.00, 73.00, 3.141593
1319.00, 24.00, 73.00, 3.141593
1320.00, 23.00, 73.00, 3.141593
1321.00, 22.00, 73.00, 3.141593
1322.00, 21.00, 73.00, 3.141593
1323.00, 20.00, 73.00, 3.141593
1324.00, 19.00, 73.00, 3.141593
1325.00, 18.00, 73.00, 3.141593
1326.00, 17.00, 73.00, 3.141593
1327.00, 16.00, 73.00, 3.141593
1328.00, 15.00, 73.00, 3.141593
1329.00, 14.00, 73.00, 3.141593
1330.00, 13.00, 73.00, 3.141593
1331.00, 12.00, 73.00, 3.141593
1332.00, 11.00, 73.00, 3.141593
1333.00, 10.00, 73.00, 3.141593
1334.00, 9.00, 73.00, 3.141593
1335.00, 8.00, 73.00, 3.141593
1336.00, 7.00, 73.00, 3.141593
1337.00, 6.00, 73.00, 3.141593
1338.00, 5.00, 73.00, 1.570796
1339.00, 5.00, 74.00, 1.570796
1340.00, 5.00, 75.00, 1.570796
1341.00, 5.00, 76.00, 1.570796
1342.00, 5.00, 77.00, 1.570796
1343.00, 5.00, 78.00, 1.570796
1344.00, 5.00, 78.00, 0.000000
1345.00, 6.00, 78.00, 0.000000
1346.00, 7.00, 78.00, 0.000000
1347.00, 8.00, 78.00, 0.000000
1348.00, 9.00, 78.00, 0.000000
1349.00, 10.00, 78.00, 0.000000
1350.00, 11.00, 78.00, 0.000000
1351.00, 12.00, 78.00, 0.000000
1352.00, 13.00, 78.00, 0.000000
1353.00, 14.00, 78.00, 0.000000
1354.00, 15.00, 78.00, 0.000000
1355.00, 16.00, 78.00, 0.000000
1356.00, 17.00, 78.00, 0.000000
1357.00, 18.00, 78.00, 0.000000
1358.00, 19.00, 78.00, 0.000000
1359.00, 20.00, 78.00, 0.000000
1360.00, 21.00, 78.00, 0.000000
1361.00, 22.00, 78.00, 0.000000
1362.00, 23.00, 78.00, 0.000000
1363.00, 24.00, 78.00, 0.000000
1364.00, 25.00, 78.00, 0.000000
1365.00, 26.00, 78.00, 0.000000
1366.00, 27.00, 78.00, 0.000000
1367.00, 28.00, 78.00, 0.000000
1368.00, 29.00, 78.00, 0.000000
1369.00, 30.00, 78.00, 0.000000
1370.00, 31.00, 78.00, 0.000000
1371.00, 32.00, 78.00, 0.000000
1372.00, 33.00, 78.00, 0.000000
1373.00, 34.00, 78.00, 0.000000
1374.00, 35.00, 78.00, 0.000000
1375.00, 36.00, 78.00, 0.000000
1376.00, 37.00, 78.00, 0.000000
1377.00, 38.00, 78.00, 0.000000
1378.00, 39.00, 78.00, 0.000000
1379.00, 40.00, 78.00, 0.000000
1380.00, 41.00, 78.00, 0.000000
1381.00, 42.00, 78.00, 0.000000
1382.00, 43.00, 78.00, 0.000000
1383.00, 44.00, 78.00, 0.000000
1384.00, 45.00, 78.00, 0.000000
1385.00, 46.00, 78.00, 0.000000
1386.00, 47.00, 78.00, 0.000000
1387.00, 48.00, 78.00, 0.000000
1388.00, 49.00, 78.00, 0.000000
1389.00, 50.00, 78.00, 0.000000
1390.00, 51.00, 78.00, 0.000000
1391.00, 52.00, 78.00, 0.000000
1392.00, 53.00, 78.00, 0.000000
1393.00, 54.00, 78.00, 0.000000
1394.00, 55.00, 78.00, 0.000000
1395.00, 56.00, 78.00, 0.000000
1396.00, 57.00, 78.00, 0.000000
1397.00, 58.00, 78.00, 0.000000
1398.00, 59.00, 78.00, 0.000000
1399.00, 60.00, 78.00, 0.000000
1400.00, 61.00, 78.00, 0.000000
1401.00, 62.00, 78.00, 0.000000
1402.00, 63.00, 78.00, 0.000000
1403.00, 64.00, 78.00, 0.000000
1404.00, 65.00, 78.00, 0.000000
1405.00, 66.00, 78.00, 0.000000
1406.00, 67.00, 78.00, 0.000000
1407.00, 68.00, 78.00, 0.000000
1408.00, 69.00, 78.00, 0.000000
1409.00, 70.00, 78.00, 0.000000
1410.00, 71.00, 78.00, 0.000000
1411.00, 72.00, 78.00, 0.000000
1412.00, 73.00, 78.00, 0.000000
1413.00, 74.00, 78.00, 0.000000
1414.00, 75.00, 78.00, 0.000000
1415.00, 76.00, 78.00, 0.000000
1416.00, 77.00, 78.00, 0.000000
1417.00, 78.00, 78.00, 0.000000
1418.00, 79.00, 78.00, 0.000000
1419.00, 80.00, 78.00, 0.000000
1420.00, 81.00, 78.00, 0.000000
1421.00, 82.00, 78.00, 0.000000
1422.00, 83.00, 78.00, 0.000000
1423.00, 84.00, 78.00, 0.000000
1424.00, 85.00, 78.00, 0.000000
1425.00, 86.00, 78.00, 0.000000
1426.00, 87.00, 78.00, 0.000000
1427.00, 88.00, 78.00, 0.000000
1428.00, 89.00, 78.00, 0.000000
1429.00, 90.00, 78.00, 0.000000
1430.00, 91.00, 78.00, 0.000000
1431.00, 92.00, 78.00, 0.000000
1432.00, 93.00, 78.00, 0.000000
1433.00, 94.00, 78.00, 0.000000
1434.00, 95.00, 78.00, 1.570796
1435.00, 95.00, 79.00, 1.570796
1436.00, 95.00, 80.00, 1.570796
1437.00, 95.00, 81.00, 1.570796
1438.00, 95.00, 82.00, 1.570796
1439.00, 95.00, 83.00, 1.570796
1440.00, 95.00, 83.00, 3.141593
1441.00, 94.00, 83.00, 3.141593
1442.00, 93.00, 83.00, 3.141593
1443.00, 92.00, 83.00, 3.141593
1444.00, 91.00, 83.00, 3.141593
1445.00, 90.00, 83.00, 3.141593
1446.00, 89.00, 83.00, 3.141593
1447.00, 88.00, 83.00, 3.141593
1448.00, 87.00, 83.00, 3.141593
1449.00, 86.00, 83.00, 3.141593
1450.00, 85.00, 83.00, 3.141593
1451.00, 84.00, 83.00, 3.141593
1452.00, 83.00, 83.00, 3.141593
1453.00, 82.00, 83.00, 3.141593
1454.00, 81.00, 83.00, 3.141593
1455.00, 80.00, 83.00, 3.141593
1456.00, 79.00, 83.00, 3.141593
1457.00, 78.00, 83.00, 3.141593
1458.00, 77.00, 83.00, 3.141593
1459.00, 76.00, 83.00, 3.141593
1460.00, 75.00, 83.00, 3.141593
1461.00, 74.00, 83.00, 3.141593
1462.00, 73.00, 83.00, 3.141593
1463.00, 72.00, 83.00, 3.141593
1464.00, 71.00, 83.00, 3.141593
1465.00, 70.00, 83.00, 3.141593
1466.00, 69.00, 83.00, 3.141593
1467.00, 68.00, 83.00, 3.141593
1468.00, 67.00, 83.00, 3.141593
1469.00, 66.00, 83.00, 3.141593
1470.00, 65.00, 83.00, 3.141593
1471.00, 64.00, 83.00, 3.141593
1472.00, 63.00, 83.00, 3.141593
1473.00, 62.00, 83.00, 3.141593
1474.00, 61.00, 83.00, 3.141593
1475.00, 60.00, 83.00, 3.141593
1476.00, 59.00, 83.00, 3.141593
1477.00, 58.00, 83.00, 3.141593
1478.00, 57.00, 83.00, 3.141593
1479.00, 56.00, 83.00, 3.141593
1480.00, 55.00, 83.00, 3.141593
1481.00, 54.00, 83.00, 3.141593
1482.00, 53.00, 83.00, 3.141593
1483.00, 52.00, 83.00, 3.141593
1484.00, 51.00, 83.00, 3.141593
1485.00, 50.00, 83.00, 3.141593
1486.00, 49.00, 83.00, 3.141593
1487.00, 48.00, 83.00, 3.141593
1488.00, 47.00, 83.00, 3.141593
1489.00, 46.00, 83.00, 3.141593
1490.00, 45.00, 83.00, 3.141593
1491.00, 44.00, 83.00, 3.141593
1492.00, 43.00, 83.00, 3.141593
1493.00, 42.00, 83.00, 3.141593
1494.00, 41.00, 83.00, 3.141593
1495.00, 40.00, 83.00, 3.141593
1496.00, 39.00, 83.00, 3.141593
1497.00, 38.00, 83.00, 3.141593
1498.00, 37.00, 83.00, 3.141593
1499.00, 36.00, 83.00, 3.141593
1500.00, 35.00, 83.00, 3.141593
1501.00, 34.00, 83.00, 3.141593
1502.00, 33.00, 83.00, 3.141593
1503.00, 32.00, 83.00, 3.141593
1504.00, 31.00, 83.00, 3.141593
1505.00, 30.00, 83.00, 3.141593
1506.00, 29.00, 83.00, 3.141593
1507.00, 28.00, 83.00, 3.141593
1508.00, 27.00, 83.00, 3.141593
1509.00, 26.00, 83.00, 3.141593
1510.00, 25.00, 83.00, 3.141593
1511.00, 24.00, 83.00, 3.141593
1512.00, 23.00, 83.00, 3.141593
1513.00, 22.00, 83.00, 3.141593
1514.00, 21.00, 83.00, 3.141593
1515.00, 20.00, 83.00, 3.141593
1516.00, 19.00, 83.00, 3.141593
1517.00, 18.00, 83.00, 3.141593
1518.00, 17.00, 83.00, 3.141593
1519.00, 16.00, 83.00, 3.141593
1520.00, 15.00, 83.00, 3.141593
1521.00, 14.00, 83.00, 3.141593
1522.00, 13.00, 83.00, 3.141593
1523.00, 12.00, 83.00, 3.141593
1524.00, 11.00, 83.00, 3.141593
1525.00, 10.00, 83.00, 3.141593
1526.00, 9.00, 83.00, 3.141593
1527.00, 8.00, 83.00, 3.141593
1528.00, 7.00, 83.00, 3.141593
1529.00, 6.00, 83.00, 3.141593
1530.00, 5.00, 83.00, 1.570796
1531.00, 5.00, 84.00, 1.570796
1532.00, 5.00, 85.00, 1.570796
1533.00, 5.00, 86.00, 1.570796
1534.00, 5.00, 87.00, 1.570796
1535.00, 5.00, 88.00, 1.570796
1536.00, 5.00, 88.00, 0.000000
1537.00, 6.00, 88.00, 0.000000
1538.00, 7.00, 88.00, 0.000000
1539.00, 8.00, 88.00, 0.000000
1540.00, 9.00, 88.00, 0.000000
1541.00, 10.00, 88.00, 0.000000
1542.00, 11.00, 88.00, 0.000000
1543.00, 12.00, 88.00, 0.000000
1544.00, 13.00, 88.00, 0.000000
1545.00, 14.00, 88.00, 0.000000
1546.00, 15.00, 88.00, 0.000000
1547.00, 16.00, 88.00, 0.000000
1548.00, 17.00, 88.00, 0.000000
1549.00, 18.00, 88.00, 0.000000
1550.00, 19.00, 88.00, 0.000000
1551.00, 20.00, 88.00, 0.000000
1552.00, 21.00, 88.00, 0.000000
1553.00, 22.00, 88.00, 0.000000
1554.00, 23.00, 88.00, 0.000000
1555.00, 24.00, 88.00, 0.000000
1556.00, 25.00, 88.00, 0.000000
1557.00, 26.00, 88.00, 0.000000
1558.00, 27.00, 88.00, 0.000000
1559.00, 28.00, 88.00, 0.000000
1560.00, 29.00, 88.00, 0.000000
1561.00, 30.00, 88.00, 0.000000
1562.00, 31.00, 88.00, 0.000000
1563.00, 32.00, 88.00, 0.000000
1564.00, 33.00, 88.00, 0.000000
1565.00, 34.00, 88.00, 0.000000
1566.00, 35.00, 88.00, 0.000000
1567.00, 36.00, 88.00, 0.000000
1568.00, 37.00, 88.00, 0.000000
1569.00, 38.00, 88.00, 0.000000
1570.00, 39.00, 88.00, 0.000000
1571.00, 40.00, 88.00, 0.000000
1572.00, 41.00, 88.00, 0.000000
1573.00, 42.00, 88.00, 0.000000
1574.00, 43.00, 88.00, 0.000000
1575.00, 44.00, 88.00, 0.000000
1576.00, 45.00, 88.00, 0.000000
1577.00, 46.00, 88.00, 0.000000
1578.00, 47.00, 88.00, 0.000000
1579.00, 48.00, 88.00, 0.000000
1580.00, 49.00, 88.00, 0.000000
1581.00, 50.00, 88.00, 0.000000
1582.00, 51.00, 88.00, 0.000000
1583.00, 52.00, 88.00, 0.000000
1584.00, 53.00, 88.00, 0.000000
1585.00, 54.00, 88.00, 0.000000
1586.00, 55.00, 88.00, 0.000000
1587.00, 56.00, 88.00, 0.000000
1588.00, 57.00, 88.00, 0.000000
1589.00, 58.00, 88.00, 0.000000
1590.00, 59.00, 88.00, 0.000000
1591.00, 60.00, 88.00, 0.000000
1592.00, 61.00, 88.00, 0.000000
1593.00, 62.00, 88.00, 0.000000
1594.00, 63.00, 88.00, 0.000000
1595.00, 64.00, 88.00, 0.000000
1596.00, 65.00, 88.00, 0.000000
1597.00, 66.00, 88.00, 0.000000
1598.00, 67.00, 88.00, 0.000000
1599.00, 68.00, 88.00, 0.000000
1600.00, 69.00, 88.00, 0.000000
1601.00, 70.00, 88.00, 0.000000
1602.00, 71.00, 88.00, 0.000000
1603.00, 72.00, 88.00, 0.000000
1604.00, 73.00, 88.00, 0.000000
1605.00, 74.00, 88.00, 0.000000
1606.00, 75.00, 88.00, 0.000000
1607.00, 76.00, 88.00, 0.000000
1608.00, 77.00, 88.00, 0.000000
1609.00, 78.00, 88.00, 0.000000
1610.00, 79.00, 88.00, 0.000000
1611.00, 80.00, 88.00, 0.000000
1612.00, 81.00, 88.00, 0.000000
1613.00, 82.00, 88.00, 0.000000
1614.00, 83.00, 88.00, 0.000000
1615.00, 84.00, 88.00, 0.000000
1616.00, 85.00, 88.00, 0.000000
1617.00, 86.00, 88.00, 0.000000
1618.00, 87.00, 88.00, 0.000000
1619.00, 88.00, 88.00, 0.000000
1620.00, 89.00, 88.00, 0.000000
1621.00, 90.00, 88.00, 0.000000
1622.00, 91.00, 88.00, 0.000000
1623.00, 92.00, 88.00, 0.000000
1624.00, 93.00, 88.00, 0.000000
1625.00, 94.00, 88.00, 0.000000
1626.00, 95.00, 88.00, 1.570796
1627.00, 95.00, 89.00, 1.570796
1628.00, 95.00, 90.00, 1.570796
1629.00, 95.00, 91.00, 1.570796
1630.00, 95.00, 92.00, 1.570796
1631.00, 95.00, 93.00, 1.570796
1632.00, 95.00, 93.00, 3.141593
1633.00, 94.00, 93.00, 3.141593
1634.00, 93.00, 93.00, 3.141593
1635.00, 92.00, 93.00, 3.141593
1636.00, 91.00, 93.00, 3.141593
1637.00, 90.00, 93.00, 3.141593
1638.00, 89.00, 93.00, 3.141593
1639.00, 88.00, 93.00, 3.141593
1640.00, 87.00, 93.00, 3.141593
1641.00, 86.00, 93.00, 3.141593
1642.00, 85.00, 93.00, 3.141593
1643.00, 84.00, 93.00, 3.141593
1644.00, 83.00, 93.00, 3.141593
1645.00, 82.00, 93.00, 3.141593
1646.00, 81.00, 93.00, 3.141593
1647.00, 80.00, 93.00, 3.141593
1648.00, 79.00, 93.00, 3.141593
1649.00, 78.00, 93.00, 3.141593
1650.00, 77.00, 93.00, 3.141593
1651.00, 76.00, 93.00, 3.141593
1652.00, 75.00, 93.00, 3.141593
1653.00, 74.00, 93.00, 3.141593
1654.00, 73.00, 93.00, 3.141593
1655.00, 72.00, 93.00, 3.141593
1656.00, 71.00, 93.00, 3.141593
1657.00, 70.00, 93.00, 3.141593
1658.00, 69.00, 93.00, 3.141593
1659.00, 68.00, 93.00, 3.141593
1660.00, 67.00, 93.00, 3.141593
1661.00, 66.00, 93.00, 3.141593
1662.00, 65.00, 93.00, 3.141593
1663.00, 64.00, 93.00, 3.141593
1664.00, 63.00, 93.00, 3.141593
1665.00, 62.00, 93.00, 3.141593
1666.00, 61.00, 93.00, 3.141593
1667.00, 60.00, 93.00, 3.141593
1668.00, 59.00, 93.00, 3.141593
1669.00, 58.00, 93.00, 3.141593
1670.00, 57.00, 93.00, 3.141593
1671.00, 56.00, 93.00, 3.141593
1672.00, 55.00, 93.00, 3.141593
1673.00, 54.00, 93.00, 3.141593
1674.00, 53.00, 93.00, 3.141593
1675.00, 52.00, 93.00, 3.141593
1676.00, 51.00, 93.00, 3.141593
1677.00, 50.00, 93.00, 3.141593
1678.00, 49.00, 93.00, 3.141593
1679.00, 48.00, 93.00, 3.141593
1680.00, 47.00, 93.00, 3.141593
1681.00, 46.00, 93.00, 3.141593
1682.00, 45.00, 93.00, 3.141593
1683.00, 44.00, 93.00, 3.141593
1684.00, 43.00, 93.00, 3.141593
1685.00, 42.00, 93.00, 3.141593
1686.00, 41.00, 93.00, 3.141593
1687.00, 40.00, 93.00, 3.141593
1688.00, 39.00, 93.00, 3.141593
1689.00, 38.00, 93.00, 3.141593
1690.00, 37.00, 93.00, 3.141593
1691.00, 36.00, 93.00, 3.141593
1692.00, 35.00, 93.00, 3.141593
1693.00, 34.00, 93.00, 3.141593
1694.00, 33.00, 93.00, 3.141593
1695.00, 32.00, 93.00, 3.141593
1696.00, 31.00, 93.00, 3.141593
1697.00, 30.00, 93.00, 3.141593
1698.00, 29.00, 93.00, 3.141593
1699.00, 28.00, 93.00, 3.141593
1700.00, 27.00, 93.00, 3.141593
1701.00, 26.00, 93.00, 3.141593
1702.00, 25.00, 93.00, 3.141593
1703.00, 24.00, 93.00, 3.141593
1704.00, 23.00, 93.00, 3.141593
1705.00, 22.00, 93.00, 3.141593
1706.00, 21.00, 93.00, 3.141593
1707.00, 20.00, 93.00, 3.141593
1708.00, 19.00, 93.00, 3.141593
1709.00, 18.00, 93.00, 3.141593
1710.00, 17.00, 93.00, 3.141593
1711.00, 16.00, 93.00, 3.141593
1712.00, 15.00, 93.00, 3.141593
1713.00, 14.00, 93.00, 3.141593
1714.00, 13.00, 93.00, 3.141593
1715.00, 12.00, 93.00, 3.141593
1716.00, 11.00, 93.00, 3.141593
1717.00, 10.00, 93.00, 3.141593
1718.00, 9.00, 93.00, 3.141593
1719.00, 8.00, 93.00, 3.141593
1720.00, 7.00, 93.00, 3.141593
1721.00, 6.00, 93.00, 3.141593
1722.00, 5.00, 93.00, 3.141593
