# Tiempo(s), X(m), Y(m), Z(m)
0.0, -2.2, -0.5, 0.0
0.2, -2.2, -0.5, 0.0
0.4, -2.2, -0.5, 0.0
0.6, -2.2, -0.5, 0.0
0.8, -2.2, -0.5, 0.0
1.0, -2.2, -0.5, 0.0
1.2, -2.2, -0.5, 0.0
1.4, -2.2, -0.5, 0.0
1.6, -2.2, -0.5, 0.0
1.8, -2.2, -0.5, 0.0
2.0, -2.2, -0.5, 0.0
2.2, -2.2, -0.5, 0.0
2.4, -2.2, -0.5, 0.0
2.6, -2.2, -0.5, 0.0
2.8, -2.2, -0.5, 0.0
3.0, -2.2, -0.5, 0.0
3.2, -2.2, -0.5, 0.0
3.4, -2.2, -0.5, 0.0
3.6, -2.2, -0.5, 0.0
3.8, -2.2, -0.5, 0.0
4.0, -2.2, -0.5, 0.0
4.2, -2.2, -0.5, 0.0
4.4, -2.2, -0.5, 0.0
4.6, -2.2, -0.5, 0.0
4.8, -2.2, -0.5, 0.0
5.0, -2.2, -0.5, 0.0
5.2, -2.2, -0.5, 0.0
5.4, -2.2, -0.5, 0.0
5.6, -2.2, -0.5, 0.0
5.8, -2.2, -0.5, 0.0
6.0, -2.2, -0.5, 0.0
6.2, -2.2, -0.5, 0.0
6.4, -2.2, -0.5, 0.0
6.6, -2.2, -0.5, 0.0
6.8, -2.2, -0.5, 0.0
7.0, -2.1, -0.5, 0.0
7.2, -2.1, -0.5, 0.0
7.4, -2.0, -0.5, 0.0
7.6, -2.0, -0.6, 0.0
7.8, -2.0, -0.6, 0.0
8.0, -1.9, -0.6, 0.0
8.2, -1.9, -0.6, 0.0
8.4, -1.8, -0.6, 0.0
8.6, -1.8, -0.6, 0.0
8.8, -1.7, -0.6, 0.0
9.0, -1.7, -0.6, 0.0
9.2, -1.7, -0.6, 0.0
9.4, -1.6, -0.6, 0.0
9.6, -1.6, -0.6, 0.0
9.8, -1.5, -0.6, 0.0
10.0, -1.5, -0.6, 0.0
10.2, -1.4, -0.7, 0.0
10.4, -1.4, -0.7, 0.0
10.6, -1.4, -0.7, 0.0
10.8, -1.3, -0.7, 0.0
11.0, -1.3, -0.7, 0.0
11.2, -1.2, -0.7, 0.0
11.4, -1.2, -0.7, 0.0
11.6, -1.1, -0.7, 0.0
11.8, -1.1, -0.7, 0.0
12.0, -1.0, -0.7, 0.0
12.2, -1.0, -0.7, 0.0
12.4, -1.0, -0.7, 0.0
12.6, -0.9, -0.7, 0.0
12.8, -0.9, -0.7, 0.0
13.0, -0.8, -0.7, 0.0
13.2, -0.8, -0.7, 0.0
13.4, -0.7, -0.7, 0.0
13.6, -0.7, -0.7, 0.0
13.8, -0.6, -0.8, 0.0
14.0, -0.6, -0.8, 0.0
14.2, -0.6, -0.8, 0.0
14.4, -0.5, -0.8, 0.0
14.6, -0.5, -0.8, 0.0
14.8, -0.5, -0.8, 0.0
15.0, -0.4, -0.9, 0.0
15.2, -0.4, -0.9, 0.0
15.4, -0.4, -0.9, 0.0
15.6, -0.4, -1.0, 0.0
15.8, -0.3, -1.0, 0.0
16.0, -0.3, -1.0, 0.0
16.2, -0.3, -1.0, 0.0
16.4, -0.2, -1.1, 0.0
16.6, -0.2, -1.1, 0.0
16.8, -0.2, -1.1, 0.0
17.0, -0.1, -1.1, 0.0
17.2, -0.1, -1.2, 0.0
17.4, -0.1, -1.2, 0.0
17.6, -0.1, -1.2, 0.0
17.8, -0.0, -1.3, 0.0
18.0, -0.0, -1.3, 0.0
18.2, 0.0, -1.3, 0.0
18.4, 0.0, -1.3, 0.0
18.6, 0.1, -1.4, 0.0
18.8, 0.1, -1.4, 0.0
19.0, 0.1, -1.4, 0.0
19.2, 0.1, -1.5, 0.0
19.4, 0.2, -1.5, 0.0
19.6, 0.2, -1.6, 0.0
19.8, 0.2, -1.6, 0.0
20.0, 0.3, -1.6, 0.0
20.2, 0.3, -1.7, 0.0
20.4, 0.3, -1.7, 0.0
20.6, 0.4, -1.7, 0.0
20.8, 0.4, -1.7, 0.0
21.0, 0.4, -1.8, 0.0
21.2, 0.5, -1.8, 0.0
21.4, 0.5, -1.8, 0.0
21.6, 0.5, -1.8, 0.0
21.8, 0.6, -1.9, 0.0
22.0, 0.6, -1.9, 0.0
22.2, 0.6, -1.9, 0.0
22.4, 0.7, -2.0, 0.0
22.6, 0.7, -2.0, 0.0
22.8, 0.7, -2.0, 0.0
23.0, 0.7, -2.1, 0.0
23.2, 0.8, -2.1, 0.0
23.4, 0.8, -2.1, 0.0
23.6, 0.8, -2.2, 0.0
23.8, 0.9, -2.2, 0.0
24.0, 0.9, -2.2, 0.0
24.2, 0.9, -2.2, 0.0
24.4, 0.9, -2.3, 0.0
24.6, 1.0, -2.3, 0.0
24.8, 1.0, -2.3, 0.0
25.0, 1.0, -2.4, 0.0
25.2, 1.1, -2.4, 0.0
25.4, 1.1, -2.4, 0.0
25.6, 1.1, -2.5, 0.0
25.8, 1.2, -2.4, 0.0
26.0, 1.2, -2.5, 0.0
26.2, 1.2, -2.5, 0.0
26.4, 1.3, -2.5, 0.0
26.6, 1.3, -2.6, 0.0
26.8, 1.3, -2.6, 0.0
27.0, 1.4, -2.6, 0.0
27.2, 1.4, -2.7, 0.0
27.4, 1.4, -2.7, 0.0
27.6, 1.4, -2.7, 0.0
27.8, 1.5, -2.8, 0.0
28.0, 1.5, -2.8, 0.0
28.2, 1.5, -2.8, 0.0
28.4, 1.6, -2.9, 0.0
28.6, 1.6, -2.9, 0.0
28.8, 1.6, -2.9, 0.0
29.0, 1.7, -2.9, 0.0
29.2, 1.7, -2.9, 0.0
29.4, 1.7, -2.9, 0.0
29.6, 1.8, -3.0, 0.0
29.8, 1.8, -3.0, 0.0
30.0, 1.9, -3.0, 0.0
30.2, 1.9, -3.0, 0.0
30.4, 2.0, -3.0, 0.0
30.6, 2.0, -3.0, 0.0
30.8, 2.0, -3.0, 0.0
31.0, 2.1, -3.0, 0.0
31.2, 2.1, -3.0, 0.0
31.4, 2.2, -3.0, 0.0
31.6, 2.2, -3.0, 0.0
31.8, 2.2, -3.0, 0.0
32.0, 2.3, -3.0, 0.0
32.2, 2.4, -3.0, 0.0
32.4, 2.4, -3.0, 0.0
32.6, 2.5, -3.0, 0.0
32.8, 2.5, -3.0, 0.0
33.0, 2.5, -3.0, 0.0
33.2, 2.6, -3.0, 0.0
33.4, 2.6, -3.0, 0.0
33.6, 2.7, -2.9, 0.0
33.8, 2.8, -2.9, 0.0
34.0, 2.8, -2.9, 0.0
34.2, 2.9, -2.9, 0.0
34.4, 3.0, -2.9, 0.0
34.6, 3.0, -2.9, 0.0
34.8, 3.0, -2.9, 0.0
35.0, 3.0, -3.0, 0.0
35.2, 3.0, -2.9, 0.0
35.4, 3.0, -2.9, 0.0
35.6, 3.0, -2.9, 0.0
35.8, 3.0, -2.9, 0.0
36.0, 3.0, -2.9, 0.0
36.2, 3.0, -2.9, 0.0
36.4, 3.0, -3.0, 0.0
36.6, 3.0, -3.0, 0.0
36.8, 3.0, -3.0, 0.0
37.0, 3.0, -3.0, 0.0
37.2, 3.0, -3.0, 0.0
37.4, 3.0, -3.0, 0.0
37.6, 3.0, -3.0, 0.0
37.8, 3.0, -3.0, 0.0
38.0, 3.0, -3.0, 0.0
38.2, 3.0, -3.0, 0.0
38.4, 3.0, -3.0, 0.0
38.6, 3.1, -3.0, 0.0
38.8, 3.0, -3.1, 0.0
39.0, 3.0, -3.1, 0.0
39.2, 3.0, -3.1, 0.0
39.4, 3.0, -3.2, 0.0
39.6, 3.0, -3.2, 0.0
39.8, 3.0, -3.2, 0.0
40.0, 3.0, -3.3, 0.0
40.2, 3.0, -3.3, 0.0
40.4, 3.0, -3.3, 0.0
40.6, 3.0, -3.2, 0.0
40.8, 3.0, -3.2, 0.0
41.0, 2.9, -3.1, 0.0
41.2, 2.9, -3.1, 0.0
41.4, 2.9, -3.1, 0.0
41.6, 2.9, -3.0, 0.0
41.8, 2.9, -3.0, 0.0
42.0, 2.9, -2.9, 0.0
42.2, 2.8, -2.9, 0.0
42.4, 2.8, -2.9, 0.0
42.6, 2.8, -2.8, 0.0
42.8, 2.8, -2.8, 0.0
43.0, 2.8, -2.8, 0.0
43.2, 2.7, -2.7, 0.0
43.4, 2.7, -2.7, 0.0
43.6, 2.7, -2.7, 0.0
43.8, 2.7, -2.7, 0.0
44.0, 2.7, -2.6, 0.0
44.2, 2.6, -2.6, 0.0
44.4, 2.6, -2.6, 0.0
44.6, 2.6, -2.6, 0.0
44.8, 2.6, -2.6, 0.0
45.0, 2.5, -2.6, 0.0
45.2, 2.5, -2.6, 0.0
45.4, 2.5, -2.5, 0.0
45.6, 2.4, -2.5, 0.0
45.8, 2.4, -2.4, 0.0
46.0, 2.4, -2.4, 0.0
46.2, 2.4, -2.4, 0.0
46.4, 2.4, -2.3, 0.0
46.6, 2.4, -2.3, 0.0
46.8, 2.3, -2.3, 0.0
47.0, 2.3, -2.2, 0.0
47.2, 2.3, -2.2, 0.0
47.4, 2.3, -2.1, 0.0
47.6, 2.3, -2.1, 0.0
47.8, 2.3, -2.1, 0.0
48.0, 2.3, -2.0, 0.0
48.2, 2.3, -2.0, 0.0
48.4, 2.3, -1.9, 0.0
48.6, 2.3, -1.9, 0.0
48.8, 2.2, -1.9, 0.0
49.0, 2.2, -1.8, 0.0
49.2, 2.2, -1.8, 0.0
49.4, 2.2, -1.7, 0.0
49.6, 2.2, -1.7, 0.0
49.8, 2.2, -1.6, 0.0
50.0, 2.1, -1.6, 0.0
50.2, 2.1, -1.6, 0.0
50.4, 2.1, -1.5, 0.0
50.6, 2.1, -1.5, 0.0
50.8, 2.0, -1.5, 0.0
51.0, 2.0, -1.5, 0.0
51.2, 2.0, -1.4, 0.0
51.4, 1.9, -1.4, 0.0
51.6, 1.9, -1.4, 0.0
51.8, 1.9, -1.3, 0.0
52.0, 1.8, -1.3, 0.0
52.2, 1.8, -1.3, 0.0
52.4, 1.8, -1.2, 0.0
52.6, 1.8, -1.2, 0.0
52.8, 1.7, -1.2, 0.0
53.0, 1.7, -1.2, 0.0
53.2, 1.7, -1.1, 0.0
53.4, 1.7, -1.1, 0.0
53.6, 1.6, -1.1, 0.0
53.8, 1.6, -1.0, 0.0
54.0, 1.6, -1.0, 0.0
54.2, 1.5, -0.9, 0.0
54.4, 1.5, -0.9, 0.0
54.6, 1.5, -0.9, 0.0
54.8, 1.4, -0.9, 0.0
55.0, 1.4, -0.9, 0.0
55.2, 1.4, -0.8, 0.0
55.4, 1.4, -0.8, 0.0
55.6, 1.3, -0.7, 0.0
55.8, 1.4, -0.7, 0.0
56.0, 1.4, -0.7, 0.0
56.2, 1.4, -0.7, 0.0
56.4, 1.4, -0.7, 0.0
56.6, 1.4, -0.7, 0.0
56.8, 1.4, -0.7, 0.0
57.0, 1.4, -0.7, 0.0
57.2, 1.4, -0.6, 0.0
57.4, 1.5, -0.6, 0.0
57.6, 1.5, -0.6, 0.0
57.8, 1.5, -0.6, 0.0
58.0, 1.5, -0.6, 0.0
58.2, 1.5, -0.6, 0.0
58.4, 1.5, -0.6, 0.0
58.6, 1.5, -0.6, 0.0
58.8, 1.5, -0.6, 0.0
59.0, 1.5, -0.6, 0.0
59.2, 1.6, -0.6, 0.0
59.4, 1.6, -0.6, 0.0
59.6, 1.6, -0.5, 0.0
59.8, 1.6, -0.5, 0.0
60.0, 1.6, -0.5, 0.0
60.2, 1.6, -0.5, 0.0
60.4, 1.6, -0.5, 0.0
60.6, 1.6, -0.5, 0.0
60.8, 1.6, -0.5, 0.0
61.0, 1.6, -0.5, 0.0
61.2, 1.6, -0.5, 0.0
61.4, 1.6, -0.5, 0.0
61.6, 1.6, -0.5, 0.0
61.8, 1.6, -0.5, 0.0
62.0, 1.6, -0.5, 0.0
62.2, 1.6, -0.5, 0.0
62.4, 1.6, -0.5, 0.0
62.6, 1.6, -0.5, 0.0
62.8, 1.6, -0.5, 0.0
63.0, 1.6, -0.5, 0.0
63.2, 1.6, -0.5, 0.0
63.4, 1.6, -0.5, 0.0
63.6, 1.5, -0.5, 0.0
63.8, 1.5, -0.5, 0.0
64.0, 1.5, -0.5, 0.0
64.2, 1.4, -0.5, 0.0
64.4, 1.4, -0.5, 0.0
64.6, 1.4, -0.5, 0.0
64.8, 1.4, -0.5, 0.0
65.0, 1.4, -0.5, 0.0
65.2, 1.4, -0.5, 0.0
65.4, 1.4, -0.5, 0.0
65.6, 1.4, -0.5, 0.0
65.8, 1.4, -0.5, 0.0
66.0, 1.4, -0.4, 0.0
66.2, 1.4, -0.4, 0.0
66.4, 1.4, -0.4, 0.0
66.6, 1.4, -0.4, 0.0
66.8, 1.4, -0.4, 0.0
67.0, 1.4, -0.4, 0.0
67.2, 1.4, -0.4, 0.0
67.4, 1.4, -0.4, 0.0
67.6, 1.4, -0.3, 0.0
67.8, 1.3, -0.3, 0.0
68.0, 1.4, -0.3, 0.0
68.2, 1.4, -0.3, 0.0
68.4, 1.3, -0.3, 0.0
68.6, 1.3, -0.3, 0.0
68.8, 1.3, -0.3, 0.0
69.0, 1.3, -0.3, 0.0
69.2, 1.3, -0.3, 0.0
69.4, 1.3, -0.3, 0.0
69.6, 1.3, -0.3, 0.0
69.8, 1.3, -0.3, 0.0
70.0, 1.3, -0.3, 0.0
70.2, 1.3, -0.2, 0.0
70.4, 1.3, -0.2, 0.0
70.6, 1.3, -0.2, 0.0
70.8, 1.2, -0.2, 0.0
71.0, 1.2, -0.2, 0.0
71.2, 1.2, -0.2, 0.0
71.4, 1.2, -0.2, 0.0
71.6, 1.2, -0.1, 0.0
71.8, 1.2, -0.1, 0.0
72.0, 1.1, -0.1, 0.0
72.2, 1.1, -0.1, 0.0
72.4, 1.1, -0.1, 0.0
72.6, 1.1, -0.1, 0.0
72.8, 1.1, -0.0, 0.0
73.0, 1.1, -0.0, 0.0
73.2, 1.1, -0.0, 0.0
73.4, 1.1, -0.0, 0.0
73.6, 1.1, 0.0, 0.0
73.8, 1.1, 0.0, 0.0
74.0, 1.1, 0.0, 0.0
74.2, 1.1, 0.0, 0.0
74.4, 1.1, 0.0, 0.0
74.6, 1.1, 0.0, 0.0
74.8, 1.1, 0.1, 0.0
75.0, 1.1, 0.1, 0.0
75.2, 1.1, 0.1, 0.0
75.4, 1.1, 0.1, 0.0
75.6, 1.1, 0.1, 0.0
75.8, 1.1, 0.1, 0.0
76.0, 1.1, 0.1, 0.0
76.2, 1.1, 0.1, 0.0
76.4, 1.0, 0.1, 0.0
76.6, 1.0, 0.1, 0.0
76.8, 1.0, 0.2, 0.0
77.0, 1.0, 0.2, 0.0
77.2, 1.0, 0.2, 0.0
77.4, 1.0, 0.2, 0.0
77.6, 1.0, 0.2, 0.0
77.8, 1.0, 0.2, 0.0
78.0, 1.0, 0.2, 0.0
78.2, 1.0, 0.2, 0.0
78.4, 0.9, 0.2, 0.0
78.6, 0.9, 0.2, 0.0
78.8, 0.9, 0.2, 0.0
79.0, 0.9, 0.2, 0.0
79.2, 0.9, 0.2, 0.0
79.4, 0.9, 0.2, 0.0
79.6, 0.9, 0.2, 0.0
79.8, 0.9, 0.2, 0.0
80.0, 0.9, 0.3, 0.0
80.2, 0.9, 0.3, 0.0
80.4, 0.8, 0.3, 0.0
80.6, 0.8, 0.3, 0.0
80.8, 0.7, 0.3, 0.0
81.0, 0.7, 0.3, 0.0
81.2, 0.6, 0.3, 0.0
81.4, 0.6, 0.3, 0.0
81.6, 0.6, 0.3, 0.0
81.8, 0.5, 0.3, 0.0
82.0, 0.5, 0.3, 0.0
82.2, 0.5, 0.3, 0.0
82.4, 0.5, 0.3, 0.0
82.6, 0.5, 0.3, 0.0
82.8, 0.5, 0.3, 0.0
83.0, 0.5, 0.3, 0.0
83.2, 0.5, 0.3, 0.0
83.4, 0.4, 0.3, 0.0
83.6, 0.4, 0.3, 0.0
83.8, 0.4, 0.3, 0.0
84.0, 0.4, 0.3, 0.0
84.2, 0.4, 0.3, 0.0
84.4, 0.4, 0.3, 0.0
84.6, 0.4, 0.3, 0.0
84.8, 0.4, 0.3, 0.0
85.0, 0.4, 0.3, 0.0
85.2, 0.4, 0.3, 0.0
85.4, 0.4, 0.3, 0.0
85.6, 0.3, 0.3, 0.0
85.8, 0.3, 0.3, 0.0
86.0, 0.3, 0.3, 0.0
86.2, 0.3, 0.3, 0.0
86.4, 0.3, 0.3, 0.0
86.6, 0.3, 0.3, 0.0
86.8, 0.3, 0.3, 0.0
87.0, 0.3, 0.3, 0.0
87.2, 0.3, 0.3, 0.0
87.4, 0.3, 0.3, 0.0
87.6, 0.3, 0.3, 0.0
87.8, 0.3, 0.3, 0.0
88.0, 0.3, 0.3, 0.0
88.2, 0.3, 0.3, 0.0
88.4, 0.2, 0.3, 0.0
88.6, 0.2, 0.3, 0.0
88.8, 0.2, 0.3, 0.0
89.0, 0.2, 0.3, 0.0
89.2, 0.2, 0.3, 0.0
89.4, 0.2, 0.3, 0.0
89.6, 0.2, 0.3, 0.0
89.8, 0.2, 0.3, 0.0
90.0, 0.2, 0.3, 0.0
90.2, 0.2, 0.3, 0.0
90.4, 0.1, 0.3, 0.0
90.6, 0.1, 0.3, 0.0
90.8, 0.1, 0.3, 0.0
91.0, 0.1, 0.3, 0.0
91.2, 0.1, 0.3, 0.0
91.4, 0.1, 0.3, 0.0
91.6, 0.1, 0.3, 0.0
91.8, 0.1, 0.3, 0.0
92.0, 0.1, 0.3, 0.0
92.2, 0.1, 0.3, 0.0
92.4, 0.1, 0.3, 0.0
92.6, 0.0, 0.3, 0.0
92.8, 0.0, 0.3, 0.0
93.0, 0.0, 0.3, 0.0
93.2, 0.0, 0.3, 0.0
93.4, 0.0, 0.3, 0.0
93.6, 0.0, 0.3, 0.0
93.8, 0.0, 0.3, 0.0
94.0, -0.0, 0.3, 0.0
94.2, -0.0, 0.3, 0.0
94.4, -0.0, 0.3, 0.0
94.6, -0.0, 0.3, 0.0
94.8, -0.0, 0.3, 0.0
95.0, -0.1, 0.3, 0.0
95.2, -0.1, 0.3, 0.0
95.4, -0.1, 0.3, 0.0
95.6, -0.1, 0.3, 0.0
95.8, -0.1, 0.3, 0.0
96.0, -0.1, 0.3, 0.0
96.2, -0.1, 0.3, 0.0
96.4, -0.1, 0.3, 0.0
96.6, -0.1, 0.3, 0.0
96.8, -0.1, 0.3, 0.0
97.0, -0.2, 0.3, 0.0
97.2, -0.2, 0.3, 0.0
97.4, -0.2, 0.3, 0.0
97.6, -0.2, 0.3, 0.0
97.8, -0.2, 0.3, 0.0
98.0, -0.2, 0.3, 0.0
98.2, -0.2, 0.3, 0.0
98.4, -0.2, 0.3, 0.0
98.6, -0.2, 0.3, 0.0
98.8, -0.2, 0.3, 0.0
99.0, -0.3, 0.3, 0.0
99.2, -0.3, 0.3, 0.0
99.4, -0.3, 0.4, 0.0
99.6, -0.3, 0.4, 0.0
99.8, -0.3, 0.4, 0.0
100.0, -0.3, 0.4, 0.0
100.2, -0.3, 0.4, 0.0
100.4, -0.3, 0.4, 0.0
100.6, -0.3, 0.4, 0.0
100.8, -0.3, 0.5, 0.0
101.0, -0.3, 0.5, 0.0
101.2, -0.3, 0.5, 0.0
101.4, -0.4, 0.6, 0.0
101.6, -0.4, 0.6, 0.0
101.8, -0.4, 0.6, 0.0
102.0, -0.4, 0.6, 0.0
102.2, -0.4, 0.6, 0.0
102.4, -0.4, 0.6, 0.0
102.6, -0.4, 0.6, 0.0
102.8, -0.4, 0.6, 0.0
103.0, -0.5, 0.6, 0.0
103.2, -0.4, 0.6, 0.0
103.4, -0.5, 0.7, 0.0
103.6, -0.5, 0.7, 0.0
103.8, -0.5, 0.8, 0.0
104.0, -0.5, 0.8, 0.0
104.2, -0.5, 0.9, 0.0
104.4, -0.5, 0.9, 0.0
104.6, -0.5, 1.0, 0.0
104.8, -0.5, 1.0, 0.0
105.0, -0.5, 1.1, 0.0
105.2, -0.5, 1.1, 0.0
105.4, -0.5, 1.1, 0.0
105.6, -0.5, 1.2, 0.0
105.8, -0.5, 1.2, 0.0
106.0, -0.5, 1.2, 0.0
106.2, -0.4, 1.2, 0.0
106.4, -0.4, 1.3, 0.0
106.6, -0.4, 1.3, 0.0
106.8, -0.4, 1.3, 0.0
107.0, -0.4, 1.3, 0.0
107.2, -0.4, 1.3, 0.0
107.4, -0.4, 1.3, 0.0
107.6, -0.4, 1.3, 0.0
107.8, -0.4, 1.3, 0.0
108.0, -0.4, 1.3, 0.0
108.2, -0.4, 1.4, 0.0
108.4, -0.5, 1.4, 0.0
108.6, -0.5, 1.5, 0.0
108.8, -0.5, 1.5, 0.0
109.0, -0.5, 1.6, 0.0
109.2, -0.5, 1.6, 0.0
109.4, -0.5, 1.6, 0.0
109.6, -0.5, 1.7, 0.0
109.8, -0.5, 1.7, 0.0
110.0, -0.5, 1.8, 0.0
110.2, -0.5, 1.8, 0.0
110.4, -0.6, 1.8, 0.0
110.6, -0.6, 1.9, 0.0
110.8, -0.6, 1.9, 0.0
111.0, -0.6, 2.0, 0.0
111.2, -0.6, 2.0, 0.0
111.4, -0.6, 2.1, 0.0
111.6, -0.6, 2.1, 0.0
111.8, -0.6, 2.2, 0.0
112.0, -0.6, 2.2, 0.0
112.2, -0.6, 2.2, 0.0
112.4, -0.6, 2.3, 0.0
112.6, -0.6, 2.3, 0.0
112.8, -0.6, 2.4, 0.0
113.0, -0.6, 2.4, 0.0
113.2, -0.6, 2.4, 0.0
113.4, -0.6, 2.5, 0.0
113.6, -0.6, 2.5, 0.0
113.8, -0.6, 2.5, 0.0
114.0, -0.6, 2.5, 0.0
114.2, -0.6, 2.5, 0.0
114.4, -0.6, 2.5, 0.0
114.6, -0.6, 2.5, 0.0
114.8, -0.6, 2.5, 0.0
115.0, -0.6, 2.5, 0.0
115.2, -0.6, 2.5, 0.0
115.4, -0.6, 2.5, 0.0
115.6, -0.6, 2.5, 0.0
115.8, -0.6, 2.5, 0.0
116.0, -0.6, 2.5, 0.0
116.2, -0.6, 2.5, 0.0
116.4, -0.6, 2.5, 0.0
116.6, -0.6, 2.5, 0.0
116.8, -0.6, 2.5, 0.0
117.0, -0.6, 2.5, 0.0
117.2, -0.6, 2.5, 0.0
117.4, -0.6, 2.5, 0.0
117.6, -0.6, 2.5, 0.0
117.8, -0.6, 2.5, 0.0
118.0, -0.6, 2.5, 0.0
118.2, -0.6, 2.5, 0.0
118.4, -0.6, 2.5, 0.0
118.6, -0.6, 2.5, 0.0
118.8, -0.6, 2.5, 0.0
119.0, -0.6, 2.5, 0.0
119.2, -0.6, 2.5, 0.0
119.4, -0.6, 2.5, 0.0
119.6, -0.6, 2.5, 0.0
119.8, -0.6, 2.5, 0.0
120.0, -0.6, 2.5, 0.0
120.2, -0.6, 2.5, 0.0
120.4, -0.6, 2.5, 0.0
120.6, -0.6, 2.5, 0.0
120.8, -0.6, 2.5, 0.0
121.0, -0.6, 2.5, 0.0
121.2, -0.5, 2.4, 0.0
121.4, -0.5, 2.4, 0.0
121.6, -0.5, 2.3, 0.0
121.8, -0.5, 2.3, 0.0
122.0, -0.5, 2.2, 0.0
122.2, -0.5, 2.2, 0.0
122.4, -0.5, 2.2, 0.0
122.6, -0.5, 2.1, 0.0
122.8, -0.5, 2.1, 0.0
123.0, -0.5, 2.0, 0.0
123.2, -0.5, 2.0, 0.0
123.4, -0.4, 1.9, 0.0
123.6, -0.4, 1.9, 0.0
123.8, -0.4, 1.9, 0.0
124.0, -0.4, 1.8, 0.0
124.2, -0.4, 1.8, 0.0
124.4, -0.5, 1.7, 0.0
124.6, -0.5, 1.7, 0.0
124.8, -0.5, 1.6, 0.0
125.0, -0.5, 1.6, 0.0
125.2, -0.5, 1.6, 0.0
125.4, -0.5, 1.5, 0.0
125.6, -0.5, 1.5, 0.0
125.8, -0.5, 1.4, 0.0
126.0, -0.5, 1.4, 0.0
126.2, -0.4, 1.4, 0.0
126.4, -0.4, 1.3, 0.0
126.6, -0.4, 1.3, 0.0
126.8, -0.4, 1.2, 0.0
127.0, -0.4, 1.2, 0.0
127.2, -0.4, 1.2, 0.0
127.4, -0.4, 1.1, 0.0
127.6, -0.4, 1.1, 0.0
127.8, -0.4, 1.1, 0.0
128.0, -0.4, 1.0, 0.0
128.2, -0.4, 1.0, 0.0
128.4, -0.4, 1.0, 0.0
128.6, -0.4, 1.0, 0.0
128.8, -0.4, 1.0, 0.0
129.0, -0.4, 1.0, 0.0
129.2, -0.4, 1.0, 0.0
129.4, -0.4, 1.0, 0.0
129.6, -0.4, 1.0, 0.0
129.8, -0.4, 1.0, 0.0
130.0, -0.4, 1.0, 0.0
130.2, -0.4, 1.0, 0.0
130.4, -0.4, 1.0, 0.0
130.6, -0.4, 0.9, 0.0
130.8, -0.4, 0.9, 0.0
131.0, -0.4, 0.9, 0.0
131.2, -0.4, 0.9, 0.0
131.4, -0.4, 0.9, 0.0
131.6, -0.4, 0.9, 0.0
131.8, -0.4, 0.9, 0.0
132.0, -0.4, 0.9, 0.0
132.2, -0.4, 0.9, 0.0
132.4, -0.4, 0.9, 0.0
132.6, -0.4, 0.8, 0.0
132.8, -0.4, 0.8, 0.0
133.0, -0.4, 0.8, 0.0
133.2, -0.4, 0.8, 0.0
133.4, -0.4, 0.8, 0.0
133.6, -0.4, 0.8, 0.0
133.8, -0.4, 0.8, 0.0
134.0, -0.4, 0.8, 0.0
134.2, -0.4, 0.8, 0.0
134.4, -0.4, 0.8, 0.0
134.6, -0.4, 0.8, 0.0
134.8, -0.4, 0.8, 0.0
135.0, -0.4, 0.7, 0.0
135.2, -0.4, 0.8, 0.0
135.4, -0.4, 0.7, 0.0
135.6, -0.4, 0.7, 0.0
135.8, -0.4, 0.7, 0.0
136.0, -0.4, 0.7, 0.0
136.2, -0.4, 0.7, 0.0
136.4, -0.4, 0.7, 0.0
136.6, -0.4, 0.7, 0.0
136.8, -0.4, 0.7, 0.0
137.0, -0.4, 0.7, 0.0
137.2, -0.4, 0.6, 0.0
137.4, -0.4, 0.6, 0.0
137.6, -0.4, 0.6, 0.0
137.8, -0.3, 0.6, 0.0
138.0, -0.3, 0.6, 0.0
138.2, -0.3, 0.6, 0.0
138.4, -0.3, 0.6, 0.0
138.6, -0.3, 0.6, 0.0
138.8, -0.3, 0.6, 0.0
139.0, -0.3, 0.6, 0.0
139.2, -0.3, 0.5, 0.0
139.4, -0.3, 0.5, 0.0
139.6, -0.3, 0.5, 0.0
139.8, -0.3, 0.5, 0.0
140.0, -0.3, 0.5, 0.0
140.2, -0.3, 0.5, 0.0
140.4, -0.3, 0.5, 0.0
140.6, -0.3, 0.5, 0.0
140.8, -0.3, 0.5, 0.0
141.0, -0.3, 0.5, 0.0
141.2, -0.2, 0.5, 0.0
141.4, -0.2, 0.5, 0.0
141.6, -0.2, 0.5, 0.0
141.8, -0.2, 0.5, 0.0
142.0, -0.2, 0.5, 0.0
142.2, -0.2, 0.5, 0.0
142.4, -0.2, 0.5, 0.0
142.6, -0.1, 0.5, 0.0
142.8, -0.1, 0.5, 0.0
143.0, -0.1, 0.5, 0.0
143.2, -0.1, 0.4, 0.0
143.4, -0.1, 0.4, 0.0
143.6, -0.1, 0.4, 0.0
143.8, -0.1, 0.4, 0.0
144.0, -0.1, 0.4, 0.0
144.2, -0.1, 0.4, 0.0
144.4, -0.1, 0.4, 0.0
144.6, -0.1, 0.4, 0.0
144.8, -0.0, 0.4, 0.0
145.0, -0.0, 0.4, 0.0
145.2, -0.0, 0.4, 0.0
145.4, -0.0, 0.4, 0.0
145.6, 0.0, 0.4, 0.0
145.8, 0.0, 0.4, 0.0
146.0, 0.0, 0.4, 0.0
146.2, 0.0, 0.4, 0.0
146.4, 0.1, 0.4, 0.0
146.6, 0.1, 0.4, 0.0
146.8, 0.1, 0.4, 0.0
147.0, 0.1, 0.4, 0.0
147.2, 0.1, 0.4, 0.0
147.4, 0.1, 0.4, 0.0
147.6, 0.1, 0.4, 0.0
147.8, 0.1, 0.4, 0.0
148.0, 0.2, 0.3, 0.0
148.2, 0.2, 0.3, 0.0
148.4, 0.2, 0.3, 0.0
148.6, 0.2, 0.3, 0.0
148.8, 0.2, 0.3, 0.0
149.0, 0.2, 0.3, 0.0
149.2, 0.2, 0.4, 0.0
149.4, 0.3, 0.4, 0.0
149.6, 0.3, 0.4, 0.0
149.8, 0.4, 0.4, 0.0
150.0, 0.4, 0.4, 0.0
150.2, 0.4, 0.4, 0.0
150.4, 0.5, 0.4, 0.0
150.6, 0.5, 0.4, 0.0
150.8, 0.5, 0.4, 0.0
151.0, 0.5, 0.4, 0.0
151.2, 0.5, 0.4, 0.0
151.4, 0.5, 0.4, 0.0
151.6, 0.5, 0.4, 0.0
151.8, 0.5, 0.4, 0.0
152.0, 0.5, 0.4, 0.0
152.2, 0.6, 0.4, 0.0
152.4, 0.6, 0.4, 0.0
152.6, 0.6, 0.4, 0.0
152.8, 0.6, 0.4, 0.0
153.0, 0.6, 0.4, 0.0
153.2, 0.6, 0.4, 0.0
153.4, 0.6, 0.4, 0.0
153.6, 0.6, 0.4, 0.0
153.8, 0.7, 0.4, 0.0
154.0, 0.7, 0.4, 0.0
154.2, 0.7, 0.4, 0.0
154.4, 0.7, 0.4, 0.0
154.6, 0.7, 0.4, 0.0
154.8, 0.7, 0.4, 0.0
155.0, 0.7, 0.4, 0.0
155.2, 0.7, 0.4, 0.0
155.4, 0.7, 0.3, 0.0
155.6, 0.7, 0.3, 0.0
155.8, 0.8, 0.3, 0.0
156.0, 0.8, 0.3, 0.0
156.2, 0.8, 0.3, 0.0
156.4, 0.8, 0.3, 0.0
156.6, 0.8, 0.3, 0.0
156.8, 0.8, 0.3, 0.0
157.0, 0.8, 0.3, 0.0
157.2, 0.8, 0.3, 0.0
157.4, 0.8, 0.3, 0.0
157.6, 0.8, 0.3, 0.0
157.8, 0.9, 0.3, 0.0
158.0, 0.9, 0.3, 0.0
158.2, 0.9, 0.3, 0.0
158.4, 0.9, 0.3, 0.0
158.6, 0.9, 0.3, 0.0
158.8, 0.9, 0.3, 0.0
159.0, 0.9, 0.3, 0.0
159.2, 0.9, 0.3, 0.0
159.4, 0.9, 0.3, 0.0
159.6, 0.9, 0.3, 0.0
159.8, 0.9, 0.3, 0.0
160.0, 0.9, 0.3, 0.0
160.2, 1.0, 0.3, 0.0
160.4, 1.0, 0.3, 0.0
160.6, 1.0, 0.3, 0.0
160.8, 1.0, 0.3, 0.0
161.0, 1.0, 0.3, 0.0
161.2, 1.0, 0.3, 0.0
161.4, 1.0, 0.3, 0.0
161.6, 1.0, 0.3, 0.0
161.8, 1.0, 0.3, 0.0
162.0, 1.0, 0.3, 0.0
162.2, 1.0, 0.3, 0.0
162.4, 1.0, 0.3, 0.0
162.6, 1.1, 0.3, 0.0
162.8, 1.1, 0.3, 0.0
163.0, 1.1, 0.3, 0.0
163.2, 1.1, 0.3, 0.0
163.4, 1.1, 0.3, 0.0
163.6, 1.1, 0.3, 0.0
163.8, 1.1, 0.3, 0.0
164.0, 1.1, 0.3, 0.0
164.2, 1.1, 0.3, 0.0
164.4, 1.1, 0.3, 0.0
164.6, 1.1, 0.3, 0.0
164.8, 1.2, 0.3, 0.0
165.0, 1.2, 0.3, 0.0
165.2, 1.2, 0.3, 0.0
165.4, 1.2, 0.3, 0.0
165.6, 1.2, 0.3, 0.0
165.8, 1.2, 0.3, 0.0
166.0, 1.2, 0.3, 0.0
166.2, 1.2, 0.3, 0.0
166.4, 1.2, 0.3, 0.0
166.6, 1.3, 0.3, 0.0
166.8, 1.3, 0.3, 0.0
167.0, 1.3, 0.3, 0.0
167.2, 1.3, 0.3, 0.0
167.4, 1.3, 0.3, 0.0
167.6, 1.3, 0.3, 0.0
167.8, 1.3, 0.3, 0.0
168.0, 1.3, 0.3, 0.0
168.2, 1.4, 0.3, 0.0
168.4, 1.4, 0.3, 0.0
168.6, 1.4, 0.3, 0.0
168.8, 1.4, 0.3, 0.0
169.0, 1.4, 0.3, 0.0
169.2, 1.4, 0.3, 0.0
169.4, 1.4, 0.3, 0.0
169.6, 1.4, 0.3, 0.0
169.8, 1.4, 0.3, 0.0
170.0, 1.5, 0.3, 0.0
170.2, 1.5, 0.3, 0.0
170.4, 1.5, 0.3, 0.0
170.6, 1.5, 0.3, 0.0
170.8, 1.5, 0.3, 0.0
171.0, 1.5, 0.3, 0.0
171.2, 1.5, 0.3, 0.0
171.4, 1.5, 0.3, 0.0
171.6, 1.5, 0.3, 0.0
171.8, 1.5, 0.4, 0.0
172.0, 1.5, 0.4, 0.0
172.2, 1.5, 0.4, 0.0
172.4, 1.6, 0.4, 0.0
172.6, 1.6, 0.4, 0.0
172.8, 1.6, 0.4, 0.0
173.0, 1.6, 0.4, 0.0
173.2, 1.6, 0.4, 0.0
173.4, 1.6, 0.4, 0.0
173.6, 1.6, 0.4, 0.0
173.8, 1.6, 0.4, 0.0
174.0, 1.7, 0.4, 0.0
174.2, 1.7, 0.4, 0.0
174.4, 1.7, 0.4, 0.0
174.6, 1.7, 0.4, 0.0
174.8, 1.7, 0.4, 0.0
175.0, 1.7, 0.4, 0.0
175.2, 1.7, 0.4, 0.0
175.4, 1.7, 0.4, 0.0
175.6, 1.7, 0.4, 0.0
175.8, 1.7, 0.4, 0.0
176.0, 1.8, 0.4, 0.0
176.2, 1.8, 0.4, 0.0
176.4, 1.8, 0.4, 0.0
176.6, 1.8, 0.4, 0.0
176.8, 1.8, 0.4, 0.0
177.0, 1.8, 0.4, 0.0
177.2, 1.8, 0.4, 0.0
177.4, 1.8, 0.4, 0.0
177.6, 1.8, 0.4, 0.0
177.8, 1.8, 0.4, 0.0
178.0, 1.8, 0.4, 0.0
178.2, 1.9, 0.4, 0.0
178.4, 1.9, 0.4, 0.0
178.6, 1.9, 0.4, 0.0
178.8, 1.9, 0.4, 0.0
179.0, 1.9, 0.4, 0.0
179.2, 1.9, 0.4, 0.0
179.4, 1.9, 0.4, 0.0
179.6, 2.0, 0.4, 0.0
179.8, 2.0, 0.4, 0.0
180.0, 2.0, 0.4, 0.0
180.2, 2.0, 0.4, 0.0
180.4, 2.0, 0.4, 0.0
180.6, 2.0, 0.4, 0.0
180.8, 2.0, 0.4, 0.0
181.0, 2.0, 0.4, 0.0
181.2, 2.0, 0.4, 0.0
181.4, 2.0, 0.4, 0.0
181.6, 2.1, 0.4, 0.0
181.8, 2.1, 0.4, 0.0
182.0, 2.1, 0.4, 0.0
182.2, 2.1, 0.4, 0.0
182.4, 2.1, 0.4, 0.0
182.6, 2.1, 0.4, 0.0
182.8, 2.1, 0.4, 0.0
183.0, 2.1, 0.4, 0.0
183.2, 2.1, 0.4, 0.0
183.4, 2.1, 0.4, 0.0
183.6, 2.1, 0.4, 0.0
183.8, 2.2, 0.4, 0.0
184.0, 2.2, 0.4, 0.0
184.2, 2.2, 0.4, 0.0
184.4, 2.2, 0.4, 0.0
184.6, 2.2, 0.4, 0.0
184.8, 2.2, 0.4, 0.0
185.0, 2.2, 0.4, 0.0
185.2, 2.2, 0.4, 0.0
185.4, 2.2, 0.4, 0.0
185.6, 2.3, 0.4, 0.0
185.8, 2.3, 0.4, 0.0
186.0, 2.3, 0.4, 0.0
186.2, 2.3, 0.4, 0.0
186.4, 2.3, 0.4, 0.0
186.6, 2.3, 0.4, 0.0
186.8, 2.3, 0.4, 0.0
187.0, 2.3, 0.4, 0.0
187.2, 2.3, 0.4, 0.0
187.4, 2.3, 0.4, 0.0
187.6, 2.3, 0.4, 0.0
187.8, 2.4, 0.4, 0.0
188.0, 2.4, 0.4, 0.0
188.2, 2.4, 0.4, 0.0
188.4, 2.4, 0.4, 0.0
188.6, 2.4, 0.4, 0.0
188.8, 2.4, 0.4, 0.0
189.0, 2.4, 0.4, 0.0
189.2, 2.4, 0.4, 0.0
189.4, 2.4, 0.4, 0.0
189.6, 2.4, 0.4, 0.0
189.8, 2.4, 0.4, 0.0
190.0, 2.5, 0.4, 0.0
190.2, 2.5, 0.4, 0.0
190.4, 2.5, 0.4, 0.0
190.6, 2.5, 0.4, 0.0
190.8, 2.5, 0.4, 0.0
191.0, 2.5, 0.4, 0.0
191.2, 2.5, 0.4, 0.0
191.4, 2.5, 0.4, 0.0
191.6, 2.5, 0.4, 0.0
191.8, 2.5, 0.4, 0.0
192.0, 2.5, 0.4, 0.0
192.2, 2.6, 0.4, 0.0
192.4, 2.6, 0.4, 0.0
192.6, 2.6, 0.4, 0.0
192.8, 2.6, 0.4, 0.0
193.0, 2.6, 0.4, 0.0
193.2, 2.6, 0.4, 0.0
193.4, 2.6, 0.4, 0.0
193.6, 2.6, 0.4, 0.0
193.8, 2.6, 0.4, 0.0
194.0, 2.7, 0.4, 0.0
194.2, 2.7, 0.4, 0.0
194.4, 2.7, 0.4, 0.0
194.6, 2.7, 0.4, 0.0
194.8, 2.7, 0.4, 0.0
195.0, 2.7, 0.4, 0.0
195.2, 2.7, 0.4, 0.0
195.4, 2.7, 0.4, 0.0
195.6, 2.7, 0.4, 0.0
195.8, 2.7, 0.4, 0.0
196.0, 2.7, 0.4, 0.0
196.2, 2.7, 0.4, 0.0
196.4, 2.8, 0.5, 0.0
196.6, 2.8, 0.5, 0.0
196.8, 2.8, 0.5, 0.0
197.0, 2.8, 0.5, 0.0
197.2, 2.8, 0.5, 0.0
197.4, 2.8, 0.5, 0.0
197.6, 2.8, 0.6, 0.0
197.8, 2.8, 0.6, 0.0
198.0, 2.8, 0.6, 0.0
198.2, 2.9, 0.7, 0.0
198.4, 2.9, 0.7, 0.0
198.6, 2.9, 0.7, 0.0
198.8, 3.0, 0.8, 0.0
199.0, 3.0, 0.8, 0.0
199.2, 3.0, 0.8, 0.0
199.4, 3.1, 0.8, 0.0
199.6, 3.1, 0.8, 0.0
199.8, 3.1, 0.9, 0.0
200.0, 3.2, 0.9, 0.0
200.2, 3.2, 0.9, 0.0
200.4, 3.2, 0.9, 0.0
200.6, 3.2, 0.9, 0.0
200.8, 3.3, 0.9, 0.0
201.0, 3.3, 1.0, 0.0
201.2, 3.3, 1.0, 0.0
201.4, 3.4, 1.0, 0.0
201.6, 3.4, 1.0, 0.0
201.8, 3.5, 1.0, 0.0
202.0, 3.5, 1.0, 0.0
202.2, 3.5, 1.0, 0.0
202.4, 3.6, 1.0, 0.0
202.6, 3.6, 1.0, 0.0
202.8, 3.7, 1.1, 0.0
203.0, 3.7, 1.1, 0.0
203.2, 3.7, 1.1, 0.0
203.4, 3.8, 1.1, 0.0
203.6, 3.8, 1.1, 0.0
203.8, 3.9, 1.1, 0.0
204.0, 3.9, 1.1, 0.0
204.2, 3.9, 1.1, 0.0
204.4, 4.0, 1.1, 0.0
204.6, 4.0, 1.1, 0.0
204.8, 4.1, 1.1, 0.0
205.0, 4.1, 1.1, 0.0
205.2, 4.2, 1.0, 0.0
205.4, 4.2, 1.0, 0.0
205.6, 4.2, 1.0, 0.0
205.8, 4.3, 1.0, 0.0
206.0, 4.3, 1.0, 0.0
206.2, 4.4, 1.0, 0.0
206.4, 4.4, 1.0, 0.0
206.6, 4.5, 1.0, 0.0
206.8, 4.5, 1.0, 0.0
207.0, 4.5, 1.0, 0.0
207.2, 4.6, 1.0, 0.0
207.4, 4.6, 1.0, 0.0
207.6, 4.7, 1.0, 0.0
207.8, 4.7, 1.0, 0.0
208.0, 4.7, 1.0, 0.0
208.2, 4.8, 1.0, 0.0
208.4, 4.8, 1.0, 0.0
208.6, 4.9, 1.1, 0.0
208.8, 4.9, 1.1, 0.0
209.0, 4.9, 1.1, 0.0
209.2, 4.9, 1.1, 0.0
209.4, 4.9, 1.1, 0.0
209.6, 4.9, 1.1, 0.0
209.8, 4.9, 1.1, 0.0
210.0, 4.9, 1.1, 0.0
210.2, 4.9, 1.1, 0.0
210.4, 4.9, 1.1, 0.0
210.6, 4.9, 1.1, 0.0
210.8, 4.9, 1.1, 0.0
211.0, 4.9, 1.0, 0.0
211.2, 4.9, 1.0, 0.0
211.4, 4.9, 1.0, 0.0
211.6, 4.9, 1.0, 0.0
211.8, 4.9, 1.0, 0.0
212.0, 4.9, 1.0, 0.0
212.2, 4.9, 1.0, 0.0
212.4, 4.9, 1.0, 0.0
212.6, 4.9, 1.0, 0.0
212.8, 4.9, 1.0, 0.0
213.0, 4.9, 1.0, 0.0
213.2, 4.9, 1.0, 0.0
213.4, 4.9, 1.0, 0.0
213.6, 5.0, 1.0, 0.0
213.8, 5.0, 1.0, 0.0
214.0, 5.0, 1.0, 0.0
214.2, 5.0, 1.0, 0.0
214.4, 5.0, 1.0, 0.0
214.6, 5.0, 1.0, 0.0
214.8, 5.0, 1.0, 0.0
215.0, 5.0, 1.0, 0.0
215.2, 5.0, 1.0, 0.0
215.4, 4.9, 1.0, 0.0
215.6, 4.9, 1.0, 0.0
215.8, 4.9, 1.0, 0.0
216.0, 4.8, 1.0, 0.0
216.2, 4.8, 1.0, 0.0
216.4, 4.7, 1.0, 0.0
216.6, 4.7, 1.0, 0.0
216.8, 4.6, 1.0, 0.0
217.0, 4.6, 1.0, 0.0
217.2, 4.6, 1.0, 0.0
217.4, 4.5, 1.0, 0.0
217.6, 4.5, 1.0, 0.0
217.8, 4.4, 1.0, 0.0
218.0, 4.4, 1.0, 0.0
218.2, 4.3, 1.0, 0.0
218.4, 4.3, 1.0, 0.0
218.6, 4.3, 1.0, 0.0
218.8, 4.3, 1.0, 0.0
219.0, 4.2, 1.0, 0.0
219.2, 4.2, 1.0, 0.0
219.4, 4.2, 1.0, 0.0
219.6, 4.1, 1.0, 0.0
219.8, 4.1, 1.0, 0.0
220.0, 4.1, 1.0, 0.0
220.2, 4.0, 1.0, 0.0
220.4, 4.0, 1.0, 0.0
220.6, 3.9, 1.0, 0.0
220.8, 3.9, 1.0, 0.0
221.0, 3.8, 1.0, 0.0
221.2, 3.8, 1.0, 0.0
221.4, 3.7, 1.0, 0.0
221.6, 3.7, 1.0, 0.0
221.8, 3.7, 1.0, 0.0
222.0, 3.6, 1.0, 0.0
222.2, 3.6, 1.0, 0.0
222.4, 3.5, 1.0, 0.0
222.6, 3.5, 1.0, 0.0
222.8, 3.4, 1.0, 0.0
223.0, 3.4, 0.9, 0.0
223.2, 3.4, 0.9, 0.0
223.4, 3.3, 0.9, 0.0
223.6, 3.3, 0.9, 0.0
223.8, 3.2, 0.9, 0.0
224.0, 3.2, 0.8, 0.0
224.2, 3.2, 0.8, 0.0
224.4, 3.1, 0.8, 0.0
224.6, 3.1, 0.8, 0.0
224.8, 3.1, 0.8, 0.0
225.0, 3.0, 0.7, 0.0
225.2, 3.0, 0.7, 0.0
225.4, 2.9, 0.7, 0.0
225.6, 2.9, 0.7, 0.0
225.8, 2.9, 0.7, 0.0
226.0, 2.8, 0.7, 0.0
226.2, 2.8, 0.6, 0.0
226.4, 2.8, 0.6, 0.0
226.6, 2.8, 0.6, 0.0
226.8, 2.8, 0.6, 0.0
227.0, 2.8, 0.6, 0.0
227.2, 2.7, 0.6, 0.0
227.4, 2.7, 0.6, 0.0
227.6, 2.7, 0.6, 0.0
227.8, 2.7, 0.5, 0.0
228.0, 2.7, 0.5, 0.0
228.2, 2.7, 0.5, 0.0
228.4, 2.7, 0.5, 0.0
228.6, 2.7, 0.5, 0.0
228.8, 2.7, 0.5, 0.0
229.0, 2.7, 0.5, 0.0
229.2, 2.7, 0.5, 0.0
229.4, 2.7, 0.5, 0.0
229.6, 2.7, 0.4, 0.0
229.8, 2.7, 0.4, 0.0
230.0, 2.6, 0.5, 0.0
230.2, 2.6, 0.5, 0.0
230.4, 2.6, 0.4, 0.0
230.6, 2.6, 0.4, 0.0
230.8, 2.6, 0.4, 0.0
231.0, 2.6, 0.4, 0.0
231.2, 2.6, 0.4, 0.0
231.4, 2.6, 0.4, 0.0
231.6, 2.6, 0.4, 0.0
231.8, 2.6, 0.4, 0.0
232.0, 2.5, 0.4, 0.0
232.2, 2.5, 0.4, 0.0
232.4, 2.5, 0.4, 0.0
232.6, 2.5, 0.3, 0.0
232.8, 2.5, 0.3, 0.0
233.0, 2.5, 0.3, 0.0
233.2, 2.5, 0.3, 0.0
233.4, 2.5, 0.3, 0.0
233.6, 2.5, 0.3, 0.0
233.8, 2.5, 0.3, 0.0
234.0, 2.4, 0.3, 0.0
234.2, 2.4, 0.3, 0.0
234.4, 2.4, 0.3, 0.0
234.6, 2.4, 0.3, 0.0
234.8, 2.4, 0.3, 0.0
235.0, 2.4, 0.3, 0.0
235.2, 2.4, 0.3, 0.0
235.4, 2.4, 0.3, 0.0
235.6, 2.4, 0.3, 0.0
235.8, 2.4, 0.3, 0.0
236.0, 2.4, 0.3, 0.0
236.2, 2.3, 0.3, 0.0
236.4, 2.3, 0.3, 0.0
236.6, 2.3, 0.4, 0.0
236.8, 2.3, 0.4, 0.0
237.0, 2.2, 0.4, 0.0
237.2, 2.2, 0.4, 0.0
237.4, 2.1, 0.4, 0.0
237.6, 2.1, 0.4, 0.0
237.8, 2.1, 0.4, 0.0
238.0, 2.1, 0.4, 0.0
238.2, 2.1, 0.4, 0.0
238.4, 2.1, 0.4, 0.0
238.6, 2.0, 0.4, 0.0
238.8, 2.0, 0.4, 0.0
239.0, 2.0, 0.4, 0.0
239.2, 2.0, 0.4, 0.0
239.4, 2.0, 0.4, 0.0
239.6, 2.0, 0.4, 0.0
239.8, 2.0, 0.4, 0.0
240.0, 2.0, 0.4, 0.0
240.2, 2.0, 0.4, 0.0
240.4, 2.0, 0.4, 0.0
240.6, 2.0, 0.4, 0.0
240.8, 2.0, 0.4, 0.0
241.0, 2.0, 0.4, 0.0
241.2, 2.0, 0.4, 0.0
241.4, 2.0, 0.4, 0.0
241.6, 1.9, 0.4, 0.0
241.8, 1.9, 0.4, 0.0
242.0, 1.9, 0.4, 0.0
242.2, 1.9, 0.4, 0.0
242.4, 1.9, 0.4, 0.0
242.6, 1.9, 0.4, 0.0
242.8, 1.9, 0.4, 0.0
243.0, 1.9, 0.4, 0.0
243.2, 1.9, 0.4, 0.0
243.4, 1.8, 0.4, 0.0
243.6, 1.8, 0.4, 0.0
243.8, 1.8, 0.4, 0.0
244.0, 1.8, 0.4, 0.0
244.2, 1.8, 0.4, 0.0
244.4, 1.7, 0.4, 0.0
244.6, 1.7, 0.4, 0.0
244.8, 1.7, 0.4, 0.0
245.0, 1.7, 0.4, 0.0
245.2, 1.6, 0.4, 0.0
245.4, 1.6, 0.4, 0.0
245.6, 1.5, 0.4, 0.0
245.8, 1.5, 0.4, 0.0
246.0, 1.5, 0.4, 0.0
246.2, 1.5, 0.4, 0.0
246.4, 1.5, 0.4, 0.0
246.6, 1.5, 0.4, 0.0
246.8, 1.5, 0.4, 0.0
247.0, 1.5, 0.4, 0.0
247.2, 1.4, 0.4, 0.0
247.4, 1.4, 0.4, 0.0
247.6, 1.4, 0.4, 0.0
247.8, 1.4, 0.4, 0.0
248.0, 1.3, 0.4, 0.0
248.2, 1.3, 0.4, 0.0
248.4, 1.2, 0.4, 0.0
248.6, 1.2, 0.4, 0.0
248.8, 1.2, 0.4, 0.0
249.0, 1.1, 0.4, 0.0
249.2, 1.1, 0.4, 0.0
249.4, 1.1, 0.4, 0.0
249.6, 1.0, 0.4, 0.0
249.8, 1.0, 0.4, 0.0
250.0, 1.0, 0.4, 0.0
250.2, 1.0, 0.4, 0.0
250.4, 0.9, 0.4, 0.0
250.6, 0.9, 0.4, 0.0
250.8, 0.9, 0.4, 0.0
251.0, 0.8, 0.4, 0.0
251.2, 0.8, 0.4, 0.0
251.4, 0.7, 0.4, 0.0
251.6, 0.7, 0.4, 0.0
251.8, 0.7, 0.4, 0.0
252.0, 0.7, 0.4, 0.0
252.2, 0.7, 0.4, 0.0
252.4, 0.6, 0.4, 0.0
252.6, 0.6, 0.4, 0.0
252.8, 0.6, 0.4, 0.0
253.0, 0.6, 0.4, 0.0
253.2, 0.6, 0.4, 0.0
253.4, 0.6, 0.4, 0.0
253.6, 0.6, 0.4, 0.0
253.8, 0.6, 0.4, 0.0
254.0, 0.6, 0.4, 0.0
254.2, 0.5, 0.4, 0.0
254.4, 0.5, 0.4, 0.0
254.6, 0.5, 0.4, 0.0
254.8, 0.5, 0.4, 0.0
255.0, 0.5, 0.4, 0.0
255.2, 0.5, 0.4, 0.0
255.4, 0.4, 0.4, 0.0
255.6, 0.4, 0.4, 0.0
255.8, 0.4, 0.4, 0.0
256.0, 0.4, 0.4, 0.0
256.2, 0.4, 0.4, 0.0
256.4, 0.4, 0.4, 0.0
256.6, 0.4, 0.4, 0.0
256.8, 0.4, 0.4, 0.0
257.0, 0.3, 0.4, 0.0
257.2, 0.3, 0.4, 0.0
257.4, 0.3, 0.4, 0.0
257.6, 0.3, 0.4, 0.0
257.8, 0.3, 0.4, 0.0
258.0, 0.3, 0.4, 0.0
258.2, 0.3, 0.4, 0.0
258.4, 0.3, 0.4, 0.0
258.6, 0.3, 0.4, 0.0
258.8, 0.3, 0.4, 0.0
259.0, 0.2, 0.4, 0.0
259.2, 0.2, 0.4, 0.0
259.4, 0.2, 0.4, 0.0
259.6, 0.2, 0.4, 0.0
259.8, 0.2, 0.4, 0.0
260.0, 0.2, 0.4, 0.0
260.2, 0.2, 0.4, 0.0
260.4, 0.2, 0.4, 0.0
260.6, 0.2, 0.4, 0.0
260.8, 0.2, 0.4, 0.0
261.0, 0.2, 0.4, 0.0
261.2, 0.2, 0.4, 0.0
261.4, 0.2, 0.4, 0.0
261.6, 0.2, 0.4, 0.0
261.8, 0.1, 0.4, 0.0
262.0, 0.1, 0.4, 0.0
262.2, 0.1, 0.4, 0.0
262.4, 0.1, 0.4, 0.0
262.6, 0.1, 0.4, 0.0
262.8, 0.1, 0.4, 0.0
263.0, 0.1, 0.4, 0.0
263.2, 0.1, 0.4, 0.0
263.4, 0.1, 0.4, 0.0
263.6, 0.1, 0.4, 0.0
263.8, 0.0, 0.4, 0.0
264.0, 0.0, 0.4, 0.0
264.2, 0.0, 0.4, 0.0
264.4, 0.0, 0.3, 0.0
264.6, 0.0, 0.3, 0.0
264.8, 0.0, 0.3, 0.0
265.0, 0.0, 0.3, 0.0
265.2, -0.0, 0.3, 0.0
265.4, -0.0, 0.3, 0.0
265.6, -0.0, 0.3, 0.0
265.8, -0.0, 0.3, 0.0
266.0, -0.0, 0.3, 0.0
266.2, -0.0, 0.3, 0.0
266.4, -0.1, 0.3, 0.0
266.6, -0.1, 0.3, 0.0
266.8, -0.1, 0.3, 0.0
267.0, -0.1, 0.3, 0.0
267.2, -0.1, 0.3, 0.0
267.4, -0.1, 0.3, 0.0
267.6, -0.1, 0.3, 0.0
267.8, -0.1, 0.3, 0.0
268.0, -0.1, 0.3, 0.0
268.2, -0.1, 0.3, 0.0
268.4, -0.1, 0.3, 0.0
268.6, -0.2, 0.3, 0.0
268.8, -0.2, 0.3, 0.0
269.0, -0.2, 0.3, 0.0
269.2, -0.2, 0.3, 0.0
269.4, -0.2, 0.3, 0.0
269.6, -0.2, 0.3, 0.0
269.8, -0.2, 0.3, 0.0
270.0, -0.2, 0.3, 0.0
270.2, -0.2, 0.3, 0.0
270.4, -0.2, 0.3, 0.0
270.6, -0.2, 0.3, 0.0
270.8, -0.3, 0.4, 0.0
271.0, -0.3, 0.4, 0.0
271.2, -0.3, 0.4, 0.0
271.4, -0.3, 0.4, 0.0
271.6, -0.3, 0.4, 0.0
271.8, -0.3, 0.4, 0.0
272.0, -0.3, 0.4, 0.0
272.2, -0.3, 0.4, 0.0
272.4, -0.3, 0.4, 0.0
272.6, -0.3, 0.4, 0.0
272.8, -0.3, 0.5, 0.0
273.0, -0.3, 0.5, 0.0
273.2, -0.3, 0.5, 0.0
273.4, -0.3, 0.6, 0.0
273.6, -0.4, 0.6, 0.0
273.8, -0.4, 0.6, 0.0
274.0, -0.4, 0.6, 0.0
274.2, -0.4, 0.7, 0.0
274.4, -0.5, 0.7, 0.0
274.6, -0.5, 0.7, 0.0
274.8, -0.5, 0.7, 0.0
275.0, -0.5, 0.7, 0.0
275.2, -0.5, 0.7, 0.0
275.4, -0.5, 0.7, 0.0
275.6, -0.5, 0.7, 0.0
275.8, -0.5, 0.8, 0.0
276.0, -0.5, 0.8, 0.0
276.2, -0.5, 0.9, 0.0
276.4, -0.5, 0.9, 0.0
276.6, -0.5, 1.0, 0.0
276.8, -0.5, 1.0, 0.0
277.0, -0.5, 1.1, 0.0
277.2, -0.5, 1.1, 0.0
277.4, -0.5, 1.1, 0.0
277.6, -0.6, 1.2, 0.0
277.8, -0.6, 1.2, 0.0
278.0, -0.6, 1.3, 0.0
278.2, -0.6, 1.3, 0.0
278.4, -0.6, 1.4, 0.0
278.6, -0.6, 1.4, 0.0
278.8, -0.5, 1.4, 0.0
279.0, -0.5, 1.5, 0.0
279.2, -0.5, 1.5, 0.0
279.4, -0.5, 1.6, 0.0
279.6, -0.5, 1.6, 0.0
279.8, -0.6, 1.7, 0.0
280.0, -0.6, 1.7, 0.0
280.2, -0.6, 1.7, 0.0
280.4, -0.6, 1.8, 0.0
280.6, -0.6, 1.8, 0.0
280.8, -0.6, 1.9, 0.0
281.0, -0.6, 1.9, 0.0
281.2, -0.6, 2.0, 0.0
281.4, -0.6, 2.0, 0.0
281.6, -0.6, 2.0, 0.0
281.8, -0.6, 2.1, 0.0
282.0, -0.6, 2.1, 0.0
282.2, -0.6, 2.2, 0.0
282.4, -0.6, 2.2, 0.0
282.6, -0.6, 2.3, 0.0
282.8, -0.6, 2.3, 0.0
283.0, -0.6, 2.3, 0.0
283.2, -0.6, 2.3, 0.0
283.4, -0.6, 2.3, 0.0
283.6, -0.6, 2.3, 0.0
283.8, -0.6, 2.3, 0.0
284.0, -0.6, 2.3, 0.0
284.2, -0.6, 2.3, 0.0
284.4, -0.6, 2.3, 0.0
284.6, -0.6, 2.3, 0.0
284.8, -0.6, 2.3, 0.0
285.0, -0.7, 2.3, 0.0
285.2, -0.7, 2.3, 0.0
285.4, -0.7, 2.3, 0.0
285.6, -0.7, 2.3, 0.0
285.8, -0.7, 2.3, 0.0
286.0, -0.7, 2.3, 0.0
286.2, -0.6, 2.3, 0.0
286.4, -0.6, 2.3, 0.0
