# Tiempo(s), X(m), Y(m), Theta_Yaw(rad)
0.00,5.189,8.949,-0.006588
1.00,6.205,8.942,-0.006790
2.00,7.221,8.935,-0.006988
3.00,8.238,8.928,-0.007182
4.00,9.254,8.921,-0.007371
5.00,10.270,8.914,-0.007556
6.00,11.287,8.906,-0.007737
7.00,12.303,8.898,-0.007912
8.00,13.319,8.890,-0.008083
9.00,14.335,8.882,-0.008249
10.00,15.351,8.873,-0.008410
11.00,16.367,8.865,-0.008566
12.00,17.382,8.856,-0.008716
13.00,18.398,8.847,-0.008861
14.00,19.413,8.838,-0.009001
15.00,20.428,8.829,-0.009135
16.00,21.443,8.820,-0.009263
17.00,22.458,8.810,-0.009386
18.00,23.473,8.801,-0.009503
19.00,24.487,8.791,-0.009614
20.00,25.502,8.782,-0.009719
21.00,26.516,8.772,-0.009817
22.00,27.529,8.762,-0.009910
23.00,28.543,8.752,-0.009996
24.00,29.556,8.742,-0.010076
25.00,30.569,8.731,-0.010150
26.00,31.582,8.721,-0.010217
27.00,32.594,8.711,-0.010278
28.00,33.606,8.700,-0.010333
29.00,34.618,8.690,-0.010380
30.00,35.630,8.679,-0.010421
31.00,36.641,8.669,-0.010456
32.00,37.652,8.658,-0.010484
33.00,38.662,8.648,-0.010505
34.00,39.673,8.637,-0.010519
35.00,40.683,8.626,-0.010527
36.00,41.692,8.616,-0.010528
37.00,42.701,8.605,-0.010522
38.00,43.710,8.595,-0.010510
39.00,44.718,8.584,-0.010490
40.00,45.727,8.573,-0.010464
41.00,46.734,8.563,-0.010431
42.00,47.742,8.552,-0.010391
43.00,48.748,8.542,-0.010345
44.00,49.755,8.531,-0.010292
45.00,50.761,8.521,-0.010232
46.00,51.767,8.511,-0.010166
47.00,52.772,8.501,-0.010093
48.00,53.777,8.490,-0.010013
49.00,54.782,8.480,-0.009927
50.00,55.786,8.470,-0.009835
51.00,56.790,8.461,-0.009736
52.00,57.793,8.451,-0.009631
53.00,58.796,8.441,-0.009519
54.00,59.799,8.432,-0.009401
55.00,60.801,8.422,-0.009277
56.00,61.803,8.413,-0.009147
57.00,62.804,8.404,-0.009011
58.00,63.805,8.395,-0.008869
59.00,64.806,8.386,-0.008722
60.00,65.806,8.377,-0.008569
61.00,66.806,8.369,-0.008410
62.00,67.805,8.360,-0.008245
63.00,68.804,8.352,-0.008075
64.00,69.803,8.344,-0.007900
65.00,70.801,8.336,-0.007720
66.00,71.799,8.328,-0.007535
67.00,72.797,8.321,-0.007345
68.00,73.794,8.313,-0.007150
69.00,74.791,8.306,-0.006951
70.00,75.788,8.299,-0.006747
71.00,76.784,8.293,-0.006539
72.00,77.780,8.286,-0.006326
73.00,78.776,8.280,-0.006110
74.00,79.771,8.274,-0.005890
75.00,80.766,8.268,-0.005666
76.00,81.761,8.262,-0.005438
77.00,82.756,8.257,-0.005207
78.00,83.750,8.252,-0.004973
79.00,84.744,8.247,-0.004735
80.00,85.737,8.242,-0.004495
81.00,86.731,8.237,-0.004252
82.00,87.724,8.233,-0.004007
83.00,88.717,8.229,-0.003759
84.00,89.710,8.226,-0.003509
85.00,90.702,8.222,-0.003257
86.00,91.695,8.219,-0.003003
87.00,92.687,8.216,-0.002748
88.00,93.679,8.213,-0.002491
89.00,94.671,8.211,-0.002233
90.00,95.663,8.208,1.579758
91.00,95.654,9.206,1.579892
92.00,95.645,10.204,1.580014
93.00,95.635,11.202,1.580123
94.00,95.626,12.201,1.580221
95.00,95.617,13.199,-3.069845
96.00,95.607,13.199,-3.141173
97.00,94.597,13.198,-3.141430
98.00,93.587,13.198,3.141500
99.00,92.577,13.198,3.141245
100.00,91.566,13.198,3.140991
101.00,90.556,13.199,3.140738
102.00,89.546,13.200,3.140486
103.00,88.535,13.201,3.140235
104.00,87.525,13.202,3.139986
105.00,86.514,13.204,3.139739
106.00,85.504,13.206,3.139494
107.00,84.494,13.208,3.139251
108.00,83.483,13.210,3.139010
109.00,82.473,13.213,3.138771
110.00,81.463,13.216,3.138535
111.00,80.453,13.219,3.138301
112.00,79.443,13.222,3.138070
113.00,78.433,13.226,3.137843
114.00,77.423,13.230,3.137618
115.00,76.414,13.234,3.137397
116.00,75.404,13.238,3.137179
117.00,74.395,13.242,3.136965
118.00,73.386,13.247,3.136755
119.00,72.377,13.252,3.136548
120.00,71.368,13.257,3.136345
121.00,70.360,13.262,3.136147
122.00,69.351,13.268,3.135953
123.00,68.343,13.273,3.135763
124.00,67.335,13.279,3.135578
125.00,66.328,13.285,3.135397
126.00,65.320,13.292,3.135222
127.00,64.313,13.298,3.135051
128.00,63.306,13.305,3.134885
129.00,62.300,13.311,3.134724
130.00,61.293,13.318,3.134569
131.00,60.287,13.325,3.134419
132.00,59.282,13.333,3.134275
133.00,58.276,13.340,3.134136
134.00,57.271,13.347,3.134002
135.00,56.266,13.355,3.133875
136.00,55.262,13.363,3.133753
137.00,54.258,13.371,3.133637
138.00,53.254,13.379,3.133527
139.00,52.250,13.387,3.133424
140.00,51.247,13.395,3.133326
141.00,50.245,13.403,3.133235
142.00,49.242,13.412,3.133150
143.00,48.240,13.420,3.133071
144.00,47.238,13.429,3.132999
145.00,46.237,13.437,3.132933
146.00,45.236,13.446,3.132874
147.00,44.236,13.455,3.132821
148.00,43.236,13.463,3.132775
149.00,42.236,13.472,3.132735
150.00,41.236,13.481,3.132703
151.00,40.237,13.490,3.132676
152.00,39.239,13.499,3.132657
153.00,38.240,13.508,3.132644
154.00,37.242,13.517,3.132638
155.00,36.245,13.526,3.132639
156.00,35.248,13.535,3.132646
157.00,34.251,13.543,3.132661
158.00,33.255,13.552,3.132681
159.00,32.259,13.561,3.132709
160.00,31.263,13.570,3.132743
161.00,30.268,13.579,3.132784
162.00,29.273,13.588,3.132832
163.00,28.278,13.596,3.132886
164.00,27.284,13.605,3.132947
165.00,26.290,13.614,3.133014
166.00,25.297,13.622,3.133088
167.00,24.304,13.631,3.133168
168.00,23.311,13.639,3.133254
169.00,22.318,13.647,3.133347
170.00,21.326,13.655,3.133446
171.00,20.335,13.664,3.133551
172.00,19.343,13.671,3.133662
173.00,18.352,13.679,3.133779
174.00,17.361,13.687,3.133902
175.00,16.370,13.695,3.134031
176.00,15.380,13.702,3.134165
177.00,14.390,13.710,3.134305
178.00,13.400,13.717,3.134450
179.00,12.411,13.724,3.134601
180.00,11.421,13.731,3.134757
181.00,10.432,13.738,3.134919
182.00,9.443,13.744,3.135085
183.00,8.455,13.751,3.135256
184.00,7.466,13.757,3.135432
185.00,6.478,13.763,3.135612
186.00,5.490,13.769,1.557611
187.00,5.503,14.774,1.557433
188.00,5.517,15.779,1.557265
189.00,5.531,16.783,1.557109
190.00,5.544,17.787,1.556964
191.00,5.558,18.792,0.325145
192.00,5.572,18.796,0.004453
193.00,6.587,18.801,0.004246
194.00,7.603,18.805,0.004036
195.00,8.618,18.809,0.003823
196.00,9.634,18.813,0.003608
197.00,10.650,18.817,0.003390
198.00,11.665,18.820,0.003170
199.00,12.681,18.824,0.002948
200.00,13.697,18.826,0.002724
201.00,14.713,18.829,0.002498
202.00,15.729,18.832,0.002270
203.00,16.745,18.834,0.002041
204.00,17.760,18.836,0.001811
205.00,18.776,18.838,0.001579
206.00,19.792,18.840,0.001346
207.00,20.808,18.841,0.001113
208.00,21.824,18.842,0.000878
209.00,22.839,18.843,0.000644
210.00,23.855,18.844,0.000408
211.00,24.871,18.844,0.000173
212.00,25.886,18.844,-0.000062
213.00,26.901,18.844,-0.000297
214.00,27.916,18.844,-0.000532
215.00,28.932,18.843,-0.000766
216.00,29.946,18.843,-0.001000
217.00,30.961,18.842,-0.001233
218.00,31.976,18.840,-0.001465
219.00,32.990,18.839,-0.001695
220.00,34.004,18.837,-0.001925
221.00,35.018,18.835,-0.002153
222.00,36.032,18.833,-0.002379
223.00,37.045,18.831,-0.002603
224.00,38.059,18.828,-0.002826
225.00,39.072,18.825,-0.003046
226.00,40.084,18.822,-0.003264
227.00,41.097,18.819,-0.003480
228.00,42.109,18.815,-0.003692
229.00,43.121,18.811,-0.003903
230.00,44.133,18.807,-0.004110
231.00,45.144,18.803,-0.004314
232.00,46.155,18.799,-0.004515
233.00,47.166,18.794,-0.004712
234.00,48.176,18.790,-0.004906
235.00,49.186,18.785,-0.005097
236.00,50.196,18.780,-0.005283
237.00,51.205,18.774,-0.005466
238.00,52.214,18.769,-0.005645
239.00,53.223,18.763,-0.005819
240.00,54.231,18.757,-0.005989
241.00,55.239,18.751,-0.006154
242.00,56.247,18.745,-0.006315
243.00,57.254,18.739,-0.006472
244.00,58.261,18.732,-0.006623
245.00,59.267,18.725,-0.006769
246.00,60.273,18.719,-0.006911
247.00,61.279,18.712,-0.007047
248.00,62.284,18.704,-0.007178
249.00,63.289,18.697,-0.007303
250.00,64.293,18.690,-0.007423
251.00,65.297,18.682,-0.007537
252.00,66.301,18.675,-0.007646
253.00,67.304,18.667,-0.007749
254.00,68.306,18.659,-0.007846
255.00,69.309,18.652,-0.007937
256.00,70.311,18.644,-0.008023
257.00,71.312,18.636,-0.008102
258.00,72.314,18.628,-0.008175
259.00,73.314,18.619,-0.008241
260.00,74.315,18.611,-0.008302
261.00,75.315,18.603,-0.008356
262.00,76.314,18.594,-0.008404
263.00,77.313,18.586,-0.008446
264.00,78.312,18.578,-0.008481
265.00,79.311,18.569,-0.008509
266.00,80.309,18.561,-0.008531
267.00,81.306,18.552,-0.008547
268.00,82.304,18.544,-0.008556
269.00,83.301,18.535,-0.008558
270.00,84.297,18.527,-0.008554
271.00,85.293,18.518,-0.008544
272.00,86.289,18.510,-0.008526
273.00,87.285,18.501,-0.008503
274.00,88.280,18.493,-0.008472
275.00,89.275,18.484,-0.008436
276.00,90.270,18.476,-0.008392
277.00,91.264,18.467,-0.008342
278.00,92.258,18.459,-0.008286
279.00,93.251,18.451,-0.008224
280.00,94.245,18.443,-0.008155
281.00,95.238,18.435,-0.008079
282.00,96.231,18.427,1.579931
283.00,96.222,19.417,1.580189
284.00,96.212,20.408,1.580438
285.00,96.203,21.400,1.580676
286.00,96.193,22.391,1.580903
287.00,96.183,23.382,-2.512028
288.00,96.173,23.375,-3.134343
289.00,95.161,23.367,-3.134467
290.00,94.148,23.360,-3.134595
291.00,93.136,23.353,-3.134729
292.00,92.123,23.346,-3.134868
293.00,91.110,23.339,-3.135012
294.00,90.097,23.332,-3.135161
295.00,89.084,23.326,-3.135314
296.00,88.071,23.320,-3.135473
297.00,87.057,23.313,-3.135635
298.00,86.044,23.307,-3.135802
299.00,85.030,23.302,-3.135974
300.00,84.016,23.296,-3.136149
301.00,83.003,23.290,-3.136328
302.00,81.989,23.285,-3.136512
303.00,80.975,23.280,-3.136699
304.00,79.961,23.275,-3.136890
305.00,78.947,23.270,-3.137084
306.00,77.933,23.265,-3.137281
307.00,76.919,23.261,-3.137482
308.00,75.905,23.257,-3.137686
309.00,74.891,23.253,-3.137893
310.00,73.877,23.249,-3.138102
311.00,72.863,23.246,-3.138314
312.00,71.849,23.242,-3.138528
313.00,70.836,23.239,-3.138745
314.00,69.822,23.236,-3.138964
315.00,68.809,23.234,-3.139185
316.00,67.795,23.231,-3.139408
317.00,66.782,23.229,-3.139632
318.00,65.769,23.227,-3.139858
319.00,64.756,23.225,-3.140085
320.00,63.743,23.224,-3.140314
321.00,62.730,23.223,-3.140543
322.00,61.718,23.221,-3.140773
323.00,60.705,23.221,-3.141004
324.00,59.693,23.220,-3.141236
325.00,58.681,23.220,-3.141467
326.00,57.670,23.220,3.141486
327.00,56.658,23.220,3.141254
328.00,55.647,23.220,3.141023
329.00,54.636,23.221,3.140791
330.00,53.625,23.221,3.140561
331.00,52.615,23.222,3.140331
332.00,51.605,23.224,3.140101
333.00,50.595,23.225,3.139873
334.00,49.585,23.227,3.139646
335.00,48.576,23.229,3.139421
336.00,47.567,23.231,3.139197
337.00,46.558,23.233,3.138974
338.00,45.550,23.236,3.138754
339.00,44.542,23.239,3.138536
340.00,43.534,23.242,3.138320
341.00,42.527,23.245,3.138106
342.00,41.520,23.249,3.137895
343.00,40.513,23.253,3.137686
344.00,39.507,23.257,3.137481
345.00,38.501,23.261,3.137278
346.00,37.495,23.265,3.137079
347.00,36.490,23.270,3.136883
348.00,35.485,23.274,3.136691
349.00,34.481,23.279,3.136502
350.00,33.477,23.284,3.136317
351.00,32.473,23.290,3.136137
352.00,31.469,23.295,3.135960
353.00,30.467,23.301,3.135787
354.00,29.464,23.307,3.135619
355.00,28.462,23.313,3.135456
356.00,27.460,23.319,3.135297
357.00,26.458,23.325,3.135143
358.00,25.457,23.331,3.134994
359.00,24.457,23.338,3.134850
360.00,23.456,23.345,3.134712
361.00,22.456,23.352,3.134578
362.00,21.457,23.359,3.134450
363.00,20.458,23.366,3.134328
364.00,19.459,23.373,3.134211
365.00,18.460,23.380,3.134101
366.00,17.462,23.388,3.133995
367.00,16.465,23.396,3.133896
368.00,15.467,23.403,3.133803
369.00,14.470,23.411,3.133717
370.00,13.473,23.419,3.133636
371.00,12.477,23.427,3.133562
372.00,11.481,23.435,3.133494
373.00,10.485,23.443,3.133432
374.00,9.490,23.451,3.133378
375.00,8.495,23.459,3.133329
376.00,7.500,23.467,3.133288
377.00,6.506,23.476,3.133253
378.00,5.512,23.484,1.562557
379.00,5.520,24.491,1.562275
380.00,5.528,25.497,1.562002
381.00,5.537,26.504,1.561737
382.00,5.546,27.511,1.561482
383.00,5.556,28.518,0.713049
384.00,5.565,28.526,0.008210
385.00,6.577,28.534,0.008187
386.00,7.590,28.543,0.008157
387.00,8.602,28.551,0.008121
388.00,9.615,28.559,0.008078
389.00,10.628,28.567,0.008028
390.00,11.641,28.576,0.007972
391.00,12.655,28.584,0.007909
392.00,13.668,28.592,0.007840
393.00,14.682,28.600,0.007765
394.00,15.696,28.607,0.007683
395.00,16.710,28.615,0.007595
396.00,17.724,28.623,0.007500
397.00,18.738,28.631,0.007399
398.00,19.753,28.638,0.007292
399.00,20.767,28.645,0.007179
400.00,21.782,28.653,0.007060
401.00,22.796,28.660,0.006935
402.00,23.811,28.667,0.006804
403.00,24.826,28.674,0.006667
404.00,25.840,28.681,0.006525
405.00,26.855,28.687,0.006377
406.00,27.870,28.694,0.006223
407.00,28.885,28.700,0.006063
408.00,29.899,28.706,0.005899
409.00,30.914,28.712,0.005729
410.00,31.929,28.718,0.005554
411.00,32.943,28.724,0.005373
412.00,33.958,28.729,0.005188
413.00,34.972,28.734,0.004998
414.00,35.987,28.739,0.004803
415.00,37.001,28.744,0.004604
416.00,38.015,28.749,0.004400
417.00,39.029,28.753,0.004191
418.00,40.043,28.758,0.003979
419.00,41.057,28.762,0.003762
420.00,42.070,28.765,0.003541
421.00,43.084,28.769,0.003317
422.00,44.097,28.772,0.003089
423.00,45.110,28.776,0.002857
424.00,46.123,28.778,0.002621
425.00,47.135,28.781,0.002383
426.00,48.148,28.784,0.002141
427.00,49.160,28.786,0.001897
428.00,50.172,28.788,0.001649
429.00,51.183,28.789,0.001399
430.00,52.195,28.791,0.001147
431.00,53.206,28.792,0.000892
432.00,54.217,28.793,0.000635
433.00,55.227,28.793,0.000375
434.00,56.237,28.794,0.000114
435.00,57.247,28.794,-0.000148
436.00,58.257,28.794,-0.000412
437.00,59.266,28.793,-0.000678
438.00,60.275,28.793,-0.000945
439.00,61.283,28.792,-0.001212
440.00,62.292,28.790,-0.001481
441.00,63.299,28.789,-0.001750
442.00,64.307,28.787,-0.002020
443.00,65.314,28.785,-0.002290
444.00,66.321,28.783,-0.002560
445.00,67.327,28.780,-0.002829
446.00,68.333,28.777,-0.003099
447.00,69.339,28.774,-0.003368
448.00,70.344,28.771,-0.003637
449.00,71.349,28.767,-0.003905
450.00,72.354,28.763,-0.004172
451.00,73.358,28.759,-0.004438
452.00,74.361,28.755,-0.004702
453.00,75.365,28.750,-0.004965
454.00,76.368,28.745,-0.005226
455.00,77.370,28.740,-0.005486
456.00,78.372,28.734,-0.005743
457.00,79.374,28.729,-0.005998
458.00,80.375,28.723,-0.006251
459.00,81.376,28.716,-0.006501
460.00,82.377,28.710,-0.006748
461.00,83.377,28.703,-0.006993
462.00,84.377,28.696,-0.007234
463.00,85.376,28.689,-0.007472
464.00,86.375,28.681,-0.007707
465.00,87.373,28.674,-0.007938
466.00,88.372,28.666,-0.008165
467.00,89.369,28.658,-0.008389
468.00,90.367,28.649,-0.008608
469.00,91.364,28.641,-0.008824
470.00,92.361,28.632,-0.009034
471.00,93.357,28.623,-0.009241
472.00,94.353,28.614,-0.009442
473.00,95.348,28.604,-0.009639
474.00,96.344,28.595,1.578721
475.00,96.336,29.583,1.579069
476.00,96.328,30.571,1.579411
477.00,96.319,31.559,1.579744
478.00,96.310,32.547,1.580070
479.00,96.301,33.534,-2.297136
480.00,96.292,33.524,-3.130911
481.00,95.279,33.513,-3.130767
482.00,94.266,33.502,-3.130628
483.00,93.253,33.491,-3.130495
484.00,92.240,33.479,-3.130369
485.00,91.226,33.468,-3.130248
486.00,90.212,33.457,-3.130134
487.00,89.198,33.445,-3.130025
488.00,88.183,33.433,-3.129923
489.00,87.168,33.421,-3.129827
490.00,86.153,33.409,-3.129737
491.00,85.138,33.397,-3.129654
492.00,84.123,33.385,-3.129577
493.00,83.107,33.373,-3.129507
494.00,82.091,33.361,-3.129443
495.00,81.075,33.348,-3.129385
496.00,80.059,33.336,-3.129334
497.00,79.043,33.324,-3.129290
498.00,78.027,33.311,-3.129252
499.00,77.010,33.298,-3.129221
500.00,75.993,33.286,-3.129196
501.00,74.977,33.273,-3.129178
502.00,73.960,33.261,-3.129166
503.00,72.943,33.248,-3.129161
504.00,71.926,33.235,-3.129163
505.00,70.909,33.223,-3.129171
506.00,69.892,33.210,-3.129186
507.00,68.875,33.197,-3.129208
508.00,67.858,33.185,-3.129235
509.00,66.840,33.172,-3.129270
510.00,65.823,33.160,-3.129310
511.00,64.806,33.147,-3.129358
512.00,63.789,33.135,-3.129411
513.00,62.772,33.122,-3.129471
514.00,61.755,33.110,-3.129537
515.00,60.739,33.098,-3.129609
516.00,59.722,33.086,-3.129688
517.00,58.705,33.074,-3.129773
518.00,57.689,33.062,-3.129863
519.00,56.672,33.050,-3.129960
520.00,55.656,33.038,-3.130062
521.00,54.640,33.026,-3.130171
522.00,53.624,33.014,-3.130285
523.00,52.608,33.003,-3.130404
524.00,51.592,32.992,-3.130530
525.00,50.577,32.980,-3.130660
526.00,49.561,32.969,-3.130796
527.00,48.546,32.958,-3.130938
528.00,47.532,32.948,-3.131084
529.00,46.517,32.937,-3.131236
530.00,45.503,32.926,-3.131393
531.00,44.489,32.916,-3.131554
532.00,43.475,32.906,-3.131720
533.00,42.461,32.896,-3.131891
534.00,41.448,32.886,-3.132066
535.00,40.435,32.876,-3.132246
536.00,39.422,32.867,-3.132430
537.00,38.410,32.858,-3.132618
538.00,37.398,32.849,-3.132810
539.00,36.386,32.840,-3.133006
540.00,35.374,32.831,-3.133205
541.00,34.363,32.822,-3.133408
542.00,33.352,32.814,-3.133615
543.00,32.342,32.806,-3.133824
544.00,31.332,32.798,-3.134037
545.00,30.322,32.791,-3.134253
546.00,29.313,32.783,-3.134471
547.00,28.304,32.776,-3.134693
548.00,27.295,32.769,-3.134916
549.00,26.287,32.762,-3.135142
550.00,25.279,32.756,-3.135370
551.00,24.271,32.750,-3.135600
552.00,23.264,32.744,-3.135832
553.00,22.257,32.738,-3.136066
554.00,21.251,32.732,-3.136301
555.00,20.245,32.727,-3.136537
556.00,19.239,32.722,-3.136775
557.00,18.234,32.717,-3.137013
558.00,17.229,32.712,-3.137252
559.00,16.225,32.708,-3.137492
560.00,15.221,32.704,-3.137732
561.00,14.217,32.700,-3.137973
562.00,13.214,32.696,-3.138213
563.00,12.211,32.693,-3.138453
564.00,11.208,32.690,-3.138694
565.00,10.206,32.687,-3.138933
566.00,9.205,32.684,-3.139172
567.00,8.203,32.682,-3.139410
568.00,7.202,32.680,-3.139647
569.00,6.202,32.678,-3.139883
570.00,5.201,32.676,1.567388
571.00,5.205,33.672,1.567022
572.00,5.208,34.669,1.566661
573.00,5.213,35.665,1.566306
574.00,5.217,36.662,1.565957
575.00,5.222,37.659,-0.067370
576.00,5.227,37.659,-0.000125
577.00,6.236,37.659,0.000092
578.00,7.245,37.659,0.000307
579.00,8.255,37.659,0.000518
580.00,9.264,37.660,0.000726
581.00,10.275,37.660,0.000931
582.00,11.285,37.661,0.001132
583.00,12.296,37.663,0.001329
584.00,13.307,37.664,0.001523
585.00,14.318,37.665,0.001712
586.00,15.330,37.667,0.001897
587.00,16.342,37.669,0.002079
588.00,17.354,37.671,0.002255
589.00,18.366,37.673,0.002427
590.00,19.379,37.676,0.002595
591.00,20.392,37.679,0.002758
592.00,21.405,37.681,0.002916
593.00,22.418,37.684,0.003069
594.00,23.432,37.687,0.003217
595.00,24.445,37.691,0.003360
596.00,25.459,37.694,0.003498
597.00,26.473,37.698,0.003630
598.00,27.487,37.701,0.003757
599.00,28.501,37.705,0.003878
600.00,29.516,37.709,0.003994
601.00,30.530,37.713,0.004104
602.00,31.545,37.717,0.004209
603.00,32.560,37.722,0.004307
604.00,33.574,37.726,0.004400
605.00,34.589,37.730,0.004487
606.00,35.604,37.735,0.004568
607.00,36.619,37.740,0.004642
608.00,37.634,37.744,0.004711
609.00,38.649,37.749,0.004774
610.00,39.664,37.754,0.004830
611.00,40.678,37.759,0.004881
612.00,41.693,37.764,0.004925
613.00,42.708,37.769,0.004962
614.00,43.723,37.774,0.004994
615.00,44.738,37.779,0.005019
616.00,45.752,37.784,0.005038
617.00,46.767,37.789,0.005050
618.00,47.781,37.794,0.005056
619.00,48.796,37.799,0.005056
620.00,49.810,37.804,0.005050
621.00,50.824,37.810,0.005037
622.00,51.838,37.815,0.005018
623.00,52.852,37.820,0.004992
624.00,53.865,37.825,0.004960
625.00,54.879,37.830,0.004922
626.00,55.892,37.835,0.004878
627.00,56.905,37.840,0.004828
628.00,57.918,37.845,0.004771
629.00,58.931,37.849,0.004708
630.00,59.943,37.854,0.004639
631.00,60.955,37.859,0.004565
632.00,61.967,37.864,0.004484
633.00,62.979,37.868,0.004397
634.00,63.990,37.873,0.004304
635.00,65.001,37.877,0.004206
636.00,66.012,37.881,0.004102
637.00,67.022,37.885,0.003992
638.00,68.033,37.889,0.003876
639.00,69.042,37.893,0.003756
640.00,70.052,37.897,0.003629
641.00,71.061,37.901,0.003498
642.00,72.070,37.904,0.003361
643.00,73.079,37.908,0.003219
644.00,74.087,37.911,0.003072
645.00,75.095,37.914,0.002920
646.00,76.102,37.917,0.002764
647.00,77.109,37.920,0.002602
648.00,78.116,37.922,0.002436
649.00,79.123,37.925,0.002266
650.00,80.129,37.927,0.002091
651.00,81.134,37.929,0.001913
652.00,82.140,37.931,0.001730
653.00,83.145,37.933,0.001543
654.00,84.149,37.934,0.001352
655.00,85.153,37.936,0.001158
656.00,86.157,37.937,0.000960
657.00,87.160,37.938,0.000759
658.00,88.163,37.939,0.000555
659.00,89.166,37.939,0.000347
660.00,90.168,37.939,0.000137
661.00,91.170,37.940,-0.000076
662.00,92.171,37.940,-0.000291
663.00,93.172,37.939,-0.000509
664.00,94.173,37.939,-0.000730
665.00,95.173,37.938,-0.000952
666.00,96.173,37.937,1.575200
667.00,96.169,38.933,1.575591
668.00,96.164,39.929,1.575980
669.00,96.159,40.925,1.576364
670.00,96.153,41.920,1.576745
671.00,96.147,42.915,-2.786361
672.00,96.141,42.913,-3.139055
673.00,95.130,42.910,-3.138827
674.00,94.120,42.908,-3.138599
675.00,93.108,42.905,-3.138372
676.00,92.097,42.901,-3.138144
677.00,91.085,42.898,-3.137917
678.00,90.072,42.894,-3.137690
679.00,89.059,42.890,-3.137464
680.00,88.046,42.886,-3.137239
681.00,87.033,42.882,-3.137015
682.00,86.019,42.877,-3.136792
683.00,85.005,42.872,-3.136570
684.00,83.991,42.867,-3.136350
685.00,82.976,42.862,-3.136132
686.00,81.961,42.856,-3.135915
687.00,80.946,42.850,-3.135701
688.00,79.931,42.844,-3.135488
689.00,78.915,42.838,-3.135278
690.00,77.899,42.832,-3.135071
691.00,76.883,42.825,-3.134866
692.00,75.866,42.818,-3.134663
693.00,74.850,42.811,-3.134464
694.00,73.833,42.804,-3.134268
695.00,72.816,42.797,-3.134075
696.00,71.799,42.789,-3.133885
697.00,70.781,42.781,-3.133699
698.00,69.764,42.773,-3.133516
699.00,68.746,42.765,-3.133338
700.00,67.728,42.756,-3.133163
701.00,66.710,42.748,-3.132992
702.00,65.692,42.739,-3.132825
703.00,64.674,42.730,-3.132663
704.00,63.656,42.721,-3.132505
705.00,62.637,42.712,-3.132351
706.00,61.619,42.702,-3.132203
707.00,60.601,42.693,-3.132059
708.00,59.582,42.683,-3.131919
709.00,58.564,42.673,-3.131785
710.00,57.545,42.663,-3.131656
711.00,56.527,42.653,-3.131532
712.00,55.508,42.643,-3.131414
713.00,54.490,42.632,-3.131300
714.00,53.471,42.622,-3.131192
715.00,52.453,42.611,-3.131090
716.00,51.434,42.601,-3.130994
717.00,50.416,42.590,-3.130903
718.00,49.398,42.579,-3.130817
719.00,48.380,42.568,-3.130738
720.00,47.362,42.557,-3.130665
721.00,46.344,42.546,-3.130597
722.00,45.326,42.535,-3.130536
723.00,44.309,42.523,-3.130481
724.00,43.291,42.512,-3.130432
725.00,42.274,42.501,-3.130389
726.00,41.257,42.489,-3.130352
727.00,40.240,42.478,-3.130322
728.00,39.223,42.467,-3.130298
729.00,38.207,42.455,-3.130281
730.00,37.191,42.444,-3.130269
731.00,36.175,42.432,-3.130265
732.00,35.159,42.421,-3.130266
733.00,34.143,42.409,-3.130274
734.00,33.128,42.398,-3.130289
735.00,32.113,42.386,-3.130310
736.00,31.099,42.375,-3.130337
737.00,30.084,42.363,-3.130371
738.00,29.070,42.352,-3.130412
739.00,28.056,42.340,-3.130459
740.00,27.043,42.329,-3.130512
741.00,26.030,42.318,-3.130572
742.00,25.017,42.307,-3.130638
743.00,24.004,42.296,-3.130710
744.00,22.992,42.285,-3.130789
745.00,21.980,42.274,-3.130874
746.00,20.969,42.263,-3.130966
747.00,19.958,42.252,-3.131063
748.00,18.947,42.242,-3.131167
749.00,17.937,42.231,-3.131277
750.00,16.927,42.221,-3.131393
751.00,15.917,42.210,-3.131514
752.00,14.908,42.200,-3.131642
753.00,13.899,42.190,-3.131776
754.00,12.891,42.180,-3.131915
755.00,11.883,42.170,-3.132060
756.00,10.875,42.161,-3.132210
757.00,9.868,42.151,-3.132366
758.00,8.861,42.142,-3.132528
759.00,7.854,42.133,-3.132695
760.00,6.848,42.124,-3.132866
761.00,5.842,42.115,-3.133043
762.00,4.837,42.107,1.571267
763.00,4.837,43.095,1.570855
764.00,4.837,44.084,1.570444
765.00,4.837,45.073,1.570034
766.00,4.838,46.062,1.569627
767.00,4.839,47.051,-1.364242
768.00,4.840,47.044,-0.007170
769.00,5.847,47.036,-0.006953
770.00,6.854,47.029,-0.006731
771.00,7.861,47.023,-0.006506
772.00,8.869,47.016,-0.006278
773.00,9.877,47.010,-0.006047
774.00,10.885,47.004,-0.005813
775.00,11.894,46.998,-0.005577
776.00,12.903,46.992,-0.005337
777.00,13.912,46.987,-0.005096
778.00,14.922,46.982,-0.004852
779.00,15.933,46.977,-0.004606
780.00,16.943,46.972,-0.004358
781.00,17.954,46.968,-0.004108
782.00,18.966,46.963,-0.003857
783.00,19.977,46.959,-0.003604
784.00,20.989,46.956,-0.003350
785.00,22.001,46.952,-0.003095
786.00,23.014,46.949,-0.002840
787.00,24.027,46.946,-0.002583
788.00,25.040,46.944,-0.002326
789.00,26.054,46.941,-0.002069
790.00,27.067,46.939,-0.001811
791.00,28.081,46.938,-0.001553
792.00,29.096,46.936,-0.001296
793.00,30.110,46.935,-0.001039
794.00,31.125,46.934,-0.000782
795.00,32.140,46.933,-0.000526
796.00,33.155,46.932,-0.000271
797.00,34.170,46.932,-0.000016
798.00,35.186,46.932,0.000237
799.00,36.201,46.932,0.000488
800.00,37.217,46.933,0.000738
801.00,38.233,46.933,0.000987
802.00,39.250,46.934,0.001234
803.00,40.266,46.936,0.001478
804.00,41.282,46.937,0.001721
805.00,42.299,46.939,0.001961
806.00,43.315,46.941,0.002199
807.00,44.332,46.943,0.002434
808.00,45.349,46.946,0.002666
809.00,46.365,46.948,0.002895
810.00,47.382,46.951,0.003121
811.00,48.399,46.954,0.003344
812.00,49.416,46.958,0.003564
813.00,50.433,46.962,0.003780
814.00,51.450,46.965,0.003992
815.00,52.467,46.969,0.004201
816.00,53.483,46.974,0.004405
817.00,54.500,46.978,0.004606
818.00,55.517,46.983,0.004802
819.00,56.534,46.988,0.004994
820.00,57.550,46.993,0.005181
821.00,58.567,46.998,0.005364
822.00,59.583,47.004,0.005542
823.00,60.599,47.009,0.005715
824.00,61.615,47.015,0.005883
825.00,62.631,47.021,0.006046
826.00,63.647,47.027,0.006203
827.00,64.663,47.033,0.006356
828.00,65.678,47.040,0.006503
829.00,66.694,47.046,0.006644
830.00,67.709,47.053,0.006780
831.00,68.724,47.060,0.006910
832.00,69.738,47.067,0.007034
833.00,70.753,47.074,0.007153
834.00,71.767,47.081,0.007265
835.00,72.781,47.089,0.007372
836.00,73.795,47.096,0.007472
837.00,74.808,47.104,0.007566
838.00,75.821,47.112,0.007653
839.00,76.834,47.119,0.007735
840.00,77.847,47.127,0.007810
841.00,78.859,47.135,0.007878
842.00,79.871,47.143,0.007940
843.00,80.883,47.151,0.007995
844.00,81.894,47.159,0.008044
845.00,82.905,47.167,0.008086
846.00,83.916,47.175,0.008122
847.00,84.926,47.184,0.008150
848.00,85.937,47.192,0.008172
849.00,86.946,47.200,0.008187
850.00,87.956,47.208,0.008196
851.00,88.965,47.217,0.008198
852.00,89.973,47.225,0.008192
853.00,90.981,47.233,0.008180
854.00,91.989,47.241,0.008162
855.00,92.997,47.250,0.008136
856.00,94.004,47.258,0.008104
857.00,95.011,47.266,0.008065
858.00,96.017,47.274,1.569761
859.00,96.018,48.279,1.570150
860.00,96.019,49.283,1.570541
861.00,96.019,50.288,1.570931
862.00,96.019,51.292,1.571322
863.00,96.019,52.296,1.689662
864.00,96.018,52.304,3.134029
865.00,95.011,52.312,3.134126
866.00,94.005,52.319,3.134230
867.00,92.997,52.327,3.134340
868.00,91.990,52.334,3.134456
869.00,90.982,52.341,3.134578
870.00,89.974,52.348,3.134706
871.00,88.965,52.355,3.134840
872.00,87.956,52.362,3.134979
873.00,86.946,52.369,3.135124
874.00,85.937,52.375,3.135274
875.00,84.926,52.381,3.135430
876.00,83.916,52.388,3.135590
877.00,82.905,52.394,3.135756
878.00,81.893,52.400,3.135927
879.00,80.882,52.405,3.136103
880.00,79.870,52.411,3.136283
881.00,78.857,52.416,3.136468
882.00,77.845,52.422,3.136657
883.00,76.832,52.427,3.136851
884.00,75.818,52.431,3.137049
885.00,74.805,52.436,3.137251
886.00,73.791,52.440,3.137457
887.00,72.777,52.445,3.137666
888.00,71.762,52.449,3.137880
889.00,70.747,52.452,3.138096
890.00,69.732,52.456,3.138316
891.00,68.717,52.459,3.138539
892.00,67.702,52.462,3.138765
893.00,66.686,52.465,3.138994
894.00,65.670,52.468,3.139225
895.00,64.654,52.470,3.139459
896.00,63.637,52.472,3.139696
897.00,62.621,52.474,3.139934
898.00,61.604,52.476,3.140175
899.00,60.587,52.477,3.140417
900.00,59.570,52.479,3.140662
901.00,58.553,52.480,3.140907
902.00,57.535,52.480,3.141154
903.00,56.518,52.481,3.141402
904.00,55.500,52.481,-3.141534
905.00,54.482,52.481,-3.141284
906.00,53.465,52.481,-3.141033
907.00,52.447,52.480,-3.140782
908.00,51.429,52.479,-3.140530
909.00,50.411,52.478,-3.140278
910.00,49.393,52.477,-3.140026
911.00,48.375,52.475,-3.139775
912.00,47.357,52.473,-3.139523
913.00,46.339,52.471,-3.139273
914.00,45.321,52.469,-3.139022
915.00,44.303,52.466,-3.138773
916.00,43.285,52.463,-3.138525
917.00,42.267,52.460,-3.138278
918.00,41.249,52.457,-3.138032
919.00,40.231,52.453,-3.137788
920.00,39.213,52.449,-3.137545
921.00,38.196,52.445,-3.137304
922.00,37.178,52.441,-3.137065
923.00,36.161,52.436,-3.136829
924.00,35.144,52.431,-3.136594
925.00,34.127,52.426,-3.136362
926.00,33.110,52.421,-3.136133
927.00,32.093,52.415,-3.135907
928.00,31.077,52.410,-3.135683
929.00,30.060,52.404,-3.135462
930.00,29.044,52.397,-3.135245
931.00,28.028,52.391,-3.135031
932.00,27.013,52.384,-3.134821
933.00,25.997,52.377,-3.134614
934.00,24.982,52.370,-3.134411
935.00,23.967,52.363,-3.134212
936.00,22.952,52.356,-3.134018
937.00,21.938,52.348,-3.133827
938.00,20.924,52.340,-3.133641
939.00,19.910,52.332,-3.133459
940.00,18.896,52.324,-3.133282
941.00,17.883,52.315,-3.133109
942.00,16.870,52.307,-3.132941
943.00,15.858,52.298,-3.132779
944.00,14.845,52.289,-3.132621
945.00,13.834,52.280,-3.132468
946.00,12.822,52.271,-3.132321
947.00,11.811,52.261,-3.132179
948.00,10.800,52.252,-3.132043
949.00,9.790,52.242,-3.131912
950.00,8.780,52.232,-3.131787
951.00,7.770,52.222,-3.131668
952.00,6.761,52.212,-3.131554
953.00,5.752,52.202,-3.131447
954.00,4.743,52.192,1.573431
955.00,4.740,53.178,1.573017
956.00,4.738,54.164,1.572599
957.00,4.737,55.149,1.572178
958.00,4.735,56.135,1.571756
959.00,4.734,57.120,-1.619804
960.00,4.734,57.109,-0.010750
961.00,5.739,57.099,-0.010798
962.00,6.745,57.088,-0.010840
963.00,7.751,57.077,-0.010876
964.00,8.758,57.066,-0.010905
965.00,9.765,57.055,-0.010927
966.00,10.773,57.044,-0.010943
967.00,11.781,57.033,-0.010953
968.00,12.790,57.022,-0.010955
969.00,13.798,57.011,-0.010951
970.00,14.808,57.000,-0.010941
971.00,15.818,56.989,-0.010924
972.00,16.828,56.978,-0.010901
973.00,17.838,56.967,-0.010871
974.00,18.849,56.956,-0.010835
975.00,19.861,56.945,-0.010793
976.00,20.873,56.934,-0.010744
977.00,21.885,56.923,-0.010689
978.00,22.898,56.912,-0.010628
979.00,23.911,56.901,-0.010560
980.00,24.924,56.890,-0.010487
981.00,25.938,56.880,-0.010407
982.00,26.952,56.869,-0.010322
983.00,27.966,56.859,-0.010231
984.00,28.981,56.848,-0.010134
985.00,29.997,56.838,-0.010031
986.00,31.012,56.828,-0.009923
987.00,32.028,56.818,-0.009809
988.00,33.044,56.808,-0.009690
989.00,34.061,56.798,-0.009566
990.00,35.078,56.788,-0.009436
991.00,36.095,56.779,-0.009301
992.00,37.112,56.769,-0.009162
993.00,38.130,56.760,-0.009017
994.00,39.148,56.751,-0.008868
995.00,40.166,56.742,-0.008714
996.00,41.185,56.733,-0.008555
997.00,42.203,56.724,-0.008392
998.00,43.222,56.716,-0.008225
999.00,44.242,56.707,-0.008053
1000.00,45.261,56.699,-0.007878
1001.00,46.280,56.691,-0.007698
1002.00,47.300,56.683,-0.007515
1003.00,48.320,56.675,-0.007329
1004.00,49.340,56.668,-0.007138
1005.00,50.361,56.661,-0.006945
1006.00,51.381,56.654,-0.006748
1007.00,52.401,56.647,-0.006549
1008.00,53.422,56.640,-0.006346
1009.00,54.443,56.634,-0.006141
1010.00,55.464,56.627,-0.005933
1011.00,56.484,56.621,-0.005722
1012.00,57.505,56.615,-0.005510
1013.00,58.526,56.610,-0.005295
1014.00,59.547,56.604,-0.005078
1015.00,60.568,56.599,-0.004859
1016.00,61.589,56.594,-0.004639
1017.00,62.610,56.589,-0.004418
1018.00,63.631,56.585,-0.004195
1019.00,64.653,56.581,-0.003970
1020.00,65.673,56.577,-0.003745
1021.00,66.694,56.573,-0.003519
1022.00,67.715,56.569,-0.003293
1023.00,68.736,56.566,-0.003065
1024.00,69.757,56.563,-0.002838
1025.00,70.777,56.560,-0.002610
1026.00,71.798,56.557,-0.002383
1027.00,72.818,56.555,-0.002155
1028.00,73.839,56.553,-0.001928
1029.00,74.859,56.551,-0.001702
1030.00,75.879,56.549,-0.001476
1031.00,76.898,56.547,-0.001250
1032.00,77.918,56.546,-0.001026
1033.00,78.937,56.545,-0.000803
1034.00,79.957,56.544,-0.000582
1035.00,80.976,56.544,-0.000362
1036.00,81.994,56.543,-0.000143
1037.00,83.013,56.543,0.000074
1038.00,84.031,56.543,0.000288
1039.00,85.049,56.543,0.000501
1040.00,86.067,56.544,0.000711
1041.00,87.085,56.545,0.000919
1042.00,88.102,56.546,0.001124
1043.00,89.119,56.547,0.001326
1044.00,90.136,56.548,0.001526
1045.00,91.152,56.550,0.001722
1046.00,92.168,56.551,0.001915
1047.00,93.184,56.553,0.002105
1048.00,94.200,56.555,0.002291
1049.00,95.215,56.558,0.002474
1050.00,96.230,56.560,1.562368
1051.00,96.238,57.559,1.562719
1052.00,96.246,58.557,1.563075
1053.00,96.254,59.556,1.563436
1054.00,96.261,60.555,1.563800
1055.00,96.268,61.554,0.487239
1056.00,96.275,61.558,3.137929
1057.00,95.275,61.561,3.137782
1058.00,94.275,61.565,3.137639
1059.00,93.274,61.569,3.137502
1060.00,92.273,61.573,3.137371
1061.00,91.272,61.577,3.137244
1062.00,90.270,61.582,3.137123
1063.00,89.267,61.586,3.137008
1064.00,88.265,61.591,3.136899
1065.00,87.262,61.595,3.136795
1066.00,86.258,61.600,3.136697
1067.00,85.255,61.605,3.136605
1068.00,84.250,61.610,3.136519
1069.00,83.246,61.615,3.136439
1070.00,82.241,61.620,3.136366
1071.00,81.236,61.626,3.136298
1072.00,80.230,61.631,3.136237
1073.00,79.224,61.636,3.136181
1074.00,78.217,61.642,3.136132
1075.00,77.210,61.647,3.136090
1076.00,76.203,61.653,3.136054
1077.00,75.195,61.659,3.136024
1078.00,74.187,61.664,3.136000
1079.00,73.179,61.670,3.135983
1080.00,72.170,61.675,3.135972
1081.00,71.161,61.681,3.135968
1082.00,70.152,61.687,3.135970
1083.00,69.142,61.692,3.135979
1084.00,68.132,61.698,3.135994
1085.00,67.122,61.704,3.136015
1086.00,66.111,61.709,3.136043
1087.00,65.100,61.715,3.136077
1088.00,64.089,61.721,3.136117
1089.00,63.077,61.726,3.136164
1090.00,62.066,61.732,3.136216
1091.00,61.054,61.737,3.136276
1092.00,60.041,61.742,3.136341
1093.00,59.029,61.748,3.136412
1094.00,58.016,61.753,3.136490
1095.00,57.003,61.758,3.136573
1096.00,55.989,61.763,3.136663
1097.00,54.976,61.768,3.136758
1098.00,53.962,61.773,3.136859
1099.00,52.948,61.778,3.136966
1100.00,51.934,61.783,3.137079
1101.00,50.920,61.787,3.137197
1102.00,49.905,61.792,3.137321
1103.00,48.891,61.796,3.137450
1104.00,47.876,61.800,3.137585
1105.00,46.861,61.804,3.137725
1106.00,45.846,61.808,3.137869
1107.00,44.831,61.812,3.138019
1108.00,43.816,61.816,3.138174
1109.00,42.801,61.819,3.138334
1110.00,41.785,61.822,3.138499
1111.00,40.770,61.826,3.138668
1112.00,39.755,61.829,3.138841
1113.00,38.739,61.831,3.139019
1114.00,37.724,61.834,3.139202
1115.00,36.708,61.836,3.139388
1116.00,35.693,61.839,3.139578
1117.00,34.678,61.841,3.139773
1118.00,33.662,61.842,3.139971
1119.00,32.647,61.844,3.140172
1120.00,31.632,61.846,3.140377
1121.00,30.617,61.847,3.140586
1122.00,29.601,61.848,3.140797
1123.00,28.587,61.849,3.141012
1124.00,27.572,61.849,3.141229
1125.00,26.557,61.850,3.141450
1126.00,25.542,61.850,-3.141513
1127.00,24.528,61.850,-3.141288
1128.00,23.513,61.849,-3.141060
1129.00,22.499,61.849,-3.140831
1130.00,21.485,61.848,-3.140599
1131.00,20.472,61.847,-3.140366
1132.00,19.458,61.846,-3.140131
1133.00,18.445,61.844,-3.139894
1134.00,17.431,61.843,-3.139657
1135.00,16.418,61.841,-3.139418
1136.00,15.406,61.838,-3.139178
1137.00,14.393,61.836,-3.138937
1138.00,13.381,61.833,-3.138696
1139.00,12.369,61.830,-3.138455
1140.00,11.358,61.827,-3.138213
1141.00,10.346,61.824,-3.137971
1142.00,9.335,61.820,-3.137729
1143.00,8.325,61.816,-3.137487
1144.00,7.314,61.812,-3.137246
1145.00,6.304,61.808,-3.137005
1146.00,5.294,61.803,1.573569
1147.00,5.292,62.794,1.573211
1148.00,5.289,63.784,1.572846
1149.00,5.287,64.774,1.572474
1150.00,5.286,65.763,1.572096
1151.00,5.284,66.753,-1.718959
1152.00,5.283,66.747,-0.006268
1153.00,6.290,66.741,-0.006492
1154.00,7.296,66.734,-0.006715
1155.00,8.303,66.727,-0.006934
1156.00,9.311,66.720,-0.007151
1157.00,10.318,66.713,-0.007364
1158.00,11.327,66.706,-0.007575
1159.00,12.335,66.698,-0.007782
1160.00,13.344,66.690,-0.007985
1161.00,14.354,66.682,-0.008185
1162.00,15.364,66.674,-0.008381
1163.00,16.374,66.665,-0.008573
1164.00,17.385,66.657,-0.008761
1165.00,18.396,66.648,-0.008944
1166.00,19.408,66.639,-0.009123
1167.00,20.420,66.630,-0.009298
1168.00,21.432,66.620,-0.009468
1169.00,22.445,66.611,-0.009634
1170.00,23.458,66.601,-0.009794
1171.00,24.472,66.591,-0.009950
1172.00,25.486,66.581,-0.010100
1173.00,26.501,66.570,-0.010245
1174.00,27.516,66.560,-0.010385
1175.00,28.531,66.550,-0.010519
1176.00,29.547,66.539,-0.010648
1177.00,30.563,66.528,-0.010771
1178.00,31.580,66.517,-0.010889
1179.00,32.597,66.506,-0.011001
1180.00,33.615,66.495,-0.011107
1181.00,34.632,66.483,-0.011207
1182.00,35.651,66.472,-0.011301
1183.00,36.669,66.461,-0.011388
1184.00,37.688,66.449,-0.011470
1185.00,38.707,66.437,-0.011546
1186.00,39.727,66.426,-0.011615
1187.00,40.747,66.414,-0.011678
1188.00,41.767,66.402,-0.011735
1189.00,42.788,66.390,-0.011785
1190.00,43.809,66.378,-0.011829
1191.00,44.830,66.366,-0.011866
1192.00,45.852,66.354,-0.011897
1193.00,46.874,66.341,-0.011921
1194.00,47.896,66.329,-0.011939
1195.00,48.919,66.317,-0.011950
1196.00,49.941,66.305,-0.011955
1197.00,50.964,66.293,-0.011953
1198.00,51.987,66.280,-0.011945
1199.00,53.011,66.268,-0.011929
1200.00,54.035,66.256,-0.011908
1201.00,55.059,66.244,-0.011880
1202.00,56.083,66.231,-0.011845
1203.00,57.107,66.219,-0.011804
1204.00,58.131,66.207,-0.011756
1205.00,59.156,66.195,-0.011702
1206.00,60.181,66.183,-0.011641
1207.00,61.206,66.171,-0.011574
1208.00,62.231,66.159,-0.011500
1209.00,63.256,66.148,-0.011420
1210.00,64.281,66.136,-0.011334
1211.00,65.307,66.124,-0.011242
1212.00,66.332,66.113,-0.011143
1213.00,67.358,66.101,-0.011038
1214.00,68.383,66.090,-0.010928
1215.00,69.409,66.079,-0.010811
1216.00,70.435,66.068,-0.010688
1217.00,71.460,66.057,-0.010559
1218.00,72.486,66.046,-0.010425
1219.00,73.512,66.035,-0.010285
1220.00,74.537,66.025,-0.010139
1221.00,75.563,66.014,-0.009988
1222.00,76.588,66.004,-0.009831
1223.00,77.614,65.994,-0.009669
1224.00,78.639,65.984,-0.009502
1225.00,79.665,65.974,-0.009330
1226.00,80.690,65.965,-0.009152
1227.00,81.715,65.955,-0.008970
1228.00,82.740,65.946,-0.008783
1229.00,83.765,65.937,-0.008591
1230.00,84.790,65.928,-0.008394
1231.00,85.814,65.920,-0.008193
1232.00,86.839,65.911,-0.007988
1233.00,87.863,65.903,-0.007778
1234.00,88.887,65.895,-0.007565
1235.00,89.911,65.887,-0.007347
1236.00,90.935,65.880,-0.007126
1237.00,91.958,65.873,-0.006901
1238.00,92.981,65.866,-0.006672
1239.00,94.004,65.859,-0.006440
1240.00,95.027,65.852,-0.006205
1241.00,96.049,65.846,-0.005967
1242.00,97.072,65.840,1.555971
1243.00,97.086,66.829,1.556279
1244.00,97.101,67.818,1.556595
1245.00,97.115,68.808,1.556920
1246.00,97.128,69.798,1.557252
1247.00,97.142,70.788,-0.337671
1248.00,97.155,70.783,-3.137239
1249.00,96.160,70.779,-3.137506
1250.00,95.165,70.775,-3.137775
1251.00,94.170,70.771,-3.138044
1252.00,93.175,70.767,-3.138315
1253.00,92.179,70.764,-3.138586
1254.00,91.182,70.761,-3.138858
1255.00,90.185,70.758,-3.139131
1256.00,89.188,70.756,-3.139403
1257.00,88.191,70.754,-3.139676
1258.00,87.193,70.752,-3.139949
1259.00,86.194,70.750,-3.140221
1260.00,85.196,70.749,-3.140493
1261.00,84.196,70.748,-3.140764
1262.00,83.197,70.747,-3.141035
1263.00,82.197,70.746,-3.141304
1264.00,81.196,70.746,-3.141572
1265.00,80.196,70.746,3.141346
1266.00,79.194,70.746,3.141081
1267.00,78.193,70.747,3.140818
1268.00,77.190,70.748,3.140556
1269.00,76.188,70.749,3.140297
1270.00,75.185,70.750,3.140040
1271.00,74.181,70.751,3.139785
1272.00,73.178,70.753,3.139533
1273.00,72.173,70.755,3.139284
1274.00,71.169,70.758,3.139037
1275.00,70.164,70.760,3.138794
1276.00,69.158,70.763,3.138554
1277.00,68.152,70.766,3.138317
1278.00,67.146,70.769,3.138084
1279.00,66.139,70.773,3.137855
1280.00,65.132,70.777,3.137629
1281.00,64.125,70.781,3.137408
1282.00,63.117,70.785,3.137190
1283.00,62.109,70.789,3.136977
1284.00,61.100,70.794,3.136768
1285.00,60.091,70.799,3.136564
1286.00,59.081,70.804,3.136364
1287.00,58.072,70.809,3.136169
1288.00,57.062,70.815,3.135979
1289.00,56.051,70.820,3.135794
1290.00,55.040,70.826,3.135614
1291.00,54.029,70.832,3.135439
1292.00,53.018,70.839,3.135269
1293.00,52.006,70.845,3.135105
1294.00,50.994,70.851,3.134947
1295.00,49.982,70.858,3.134794
1296.00,48.969,70.865,3.134646
1297.00,47.956,70.872,3.134505
1298.00,46.943,70.879,3.134369
1299.00,45.930,70.887,3.134239
1300.00,44.916,70.894,3.134115
1301.00,43.902,70.902,3.133998
1302.00,42.888,70.909,3.133886
1303.00,41.873,70.917,3.133781
1304.00,40.859,70.925,3.133681
1305.00,39.844,70.933,3.133588
1306.00,38.829,70.941,3.133502
1307.00,37.814,70.949,3.133421
1308.00,36.799,70.958,3.133347
1309.00,35.783,70.966,3.133280
1310.00,34.768,70.975,3.133219
1311.00,33.752,70.983,3.133164
1312.00,32.736,70.992,3.133116
1313.00,31.721,71.000,3.133075
1314.00,30.705,71.009,3.133040
1315.00,29.689,71.018,3.133012
1316.00,28.672,71.026,3.132990
1317.00,27.656,71.035,3.132974
1318.00,26.640,71.044,3.132966
1319.00,25.624,71.053,3.132963
1320.00,24.608,71.061,3.132968
1321.00,23.591,71.070,3.132979
1322.00,22.575,71.079,3.132996
1323.00,21.559,71.088,3.133020
1324.00,20.543,71.096,3.133050
1325.00,19.527,71.105,3.133086
1326.00,18.511,71.114,3.133129
1327.00,17.495,71.122,3.133179
1328.00,16.479,71.131,3.133234
1329.00,15.463,71.139,3.133296
1330.00,14.447,71.148,3.133364
1331.00,13.432,71.156,3.133438
1332.00,12.416,71.164,3.133518
1333.00,11.401,71.173,3.133604
1334.00,10.386,71.181,3.133696
1335.00,9.371,71.189,3.133794
1336.00,8.356,71.197,3.133897
1337.00,7.341,71.204,3.134006
1338.00,6.327,71.212,1.577279
1339.00,6.320,72.214,1.577056
1340.00,6.314,73.216,1.576825
1341.00,6.308,74.218,1.576584
1342.00,6.302,75.220,1.576334
1343.00,6.296,76.221,2.225539
1344.00,6.291,76.228,0.006717
1345.00,7.294,76.235,0.006561
1346.00,8.297,76.242,0.006400
1347.00,9.300,76.248,0.006234
1348.00,10.304,76.254,0.006064
1349.00,11.308,76.260,0.005890
1350.00,12.312,76.266,0.005711
1351.00,13.317,76.272,0.005529
1352.00,14.322,76.278,0.005342
1353.00,15.327,76.283,0.005152
1354.00,16.333,76.288,0.004959
1355.00,17.339,76.293,0.004762
1356.00,18.345,76.298,0.004561
1357.00,19.352,76.303,0.004358
1358.00,20.359,76.307,0.004152
1359.00,21.366,76.311,0.003943
1360.00,22.374,76.315,0.003731
1361.00,23.382,76.319,0.003517
1362.00,24.391,76.322,0.003301
1363.00,25.400,76.326,0.003083
1364.00,26.409,76.329,0.002863
1365.00,27.419,76.332,0.002642
1366.00,28.429,76.334,0.002418
1367.00,29.439,76.337,0.002194
1368.00,30.450,76.339,0.001968
1369.00,31.461,76.341,0.001742
1370.00,32.473,76.343,0.001514
1371.00,33.485,76.344,0.001286
1372.00,34.497,76.346,0.001057
1373.00,35.510,76.347,0.000829
1374.00,36.523,76.348,0.000600
1375.00,37.537,76.348,0.000371
1376.00,38.550,76.349,0.000142
1377.00,39.565,76.349,-0.000086
1378.00,40.579,76.349,-0.000313
1379.00,41.594,76.348,-0.000540
1380.00,42.610,76.348,-0.000766
1381.00,43.625,76.347,-0.000991
1382.00,44.641,76.346,-0.001214
1383.00,45.658,76.345,-0.001436
1384.00,46.674,76.343,-0.001657
1385.00,47.691,76.342,-0.001875
1386.00,48.709,76.340,-0.002092
1387.00,49.726,76.337,-0.002306
1388.00,50.744,76.335,-0.002519
1389.00,51.763,76.333,-0.002729
1390.00,52.781,76.330,-0.002936
1391.00,53.800,76.327,-0.003141
1392.00,54.819,76.324,-0.003342
1393.00,55.839,76.320,-0.003541
1394.00,56.859,76.317,-0.003737
1395.00,57.879,76.313,-0.003929
1396.00,58.899,76.309,-0.004118
1397.00,59.919,76.305,-0.004303
1398.00,60.940,76.300,-0.004484
1399.00,61.961,76.296,-0.004662
1400.00,62.982,76.291,-0.004835
1401.00,64.003,76.286,-0.005005
1402.00,65.025,76.281,-0.005170
1403.00,66.046,76.276,-0.005331
1404.00,67.068,76.270,-0.005488
1405.00,68.090,76.264,-0.005640
1406.00,69.112,76.259,-0.005787
1407.00,70.135,76.253,-0.005929
1408.00,71.157,76.247,-0.006067
1409.00,72.180,76.241,-0.006199
1410.00,73.202,76.234,-0.006327
1411.00,74.225,76.228,-0.006449
1412.00,75.248,76.221,-0.006566
1413.00,76.271,76.214,-0.006678
1414.00,77.293,76.208,-0.006784
1415.00,78.316,76.201,-0.006884
1416.00,79.339,76.194,-0.006979
1417.00,80.362,76.186,-0.007069
1418.00,81.385,76.179,-0.007152
1419.00,82.408,76.172,-0.007230
1420.00,83.431,76.164,-0.007302
1421.00,84.454,76.157,-0.007368
1422.00,85.477,76.149,-0.007428
1423.00,86.499,76.142,-0.007483
1424.00,87.522,76.134,-0.007531
1425.00,88.545,76.127,-0.007573
1426.00,89.567,76.119,-0.007608
1427.00,90.589,76.111,-0.007638
1428.00,91.612,76.103,-0.007661
1429.00,92.634,76.095,-0.007679
1430.00,93.656,76.088,-0.007690
1431.00,94.678,76.080,-0.007695
1432.00,95.699,76.072,-0.007693
1433.00,96.721,76.064,-0.007685
1434.00,97.742,76.056,1.557928
1435.00,97.754,77.042,1.558161
1436.00,97.767,78.029,1.558405
1437.00,97.779,79.015,1.558659
1438.00,97.791,80.002,1.558924
1439.00,97.803,80.988,-0.591074
1440.00,97.814,80.980,-3.133948
1441.00,96.817,80.973,-3.134011
1442.00,95.820,80.965,-3.134081
1443.00,94.822,80.958,-3.134157
1444.00,93.824,80.950,-3.134238
1445.00,92.825,80.943,-3.134326
1446.00,91.826,80.936,-3.134421
1447.00,90.827,80.928,-3.134521
1448.00,89.828,80.921,-3.134627
1449.00,88.828,80.914,-3.134738
1450.00,87.827,80.908,-3.134856
1451.00,86.827,80.901,-3.134979
1452.00,85.826,80.894,-3.135108
1453.00,84.824,80.888,-3.135242
1454.00,83.823,80.881,-3.135381
1455.00,82.820,80.875,-3.135526
1456.00,81.818,80.869,-3.135675
1457.00,80.815,80.863,-3.135830
1458.00,79.811,80.857,-3.135990
1459.00,78.808,80.852,-3.136154
1460.00,77.803,80.846,-3.136323
1461.00,76.798,80.841,-3.136496
1462.00,75.793,80.836,-3.136674
1463.00,74.788,80.831,-3.136856
1464.00,73.782,80.826,-3.137042
1465.00,72.775,80.821,-3.137232
1466.00,71.768,80.817,-3.137426
1467.00,70.761,80.813,-3.137623
1468.00,69.753,80.809,-3.137824
1469.00,68.745,80.805,-3.138028
1470.00,67.736,80.802,-3.138236
1471.00,66.727,80.798,-3.138446
1472.00,65.718,80.795,-3.138659
1473.00,64.707,80.792,-3.138875
1474.00,63.697,80.789,-3.139094
1475.00,62.686,80.787,-3.139314
1476.00,61.675,80.784,-3.139537
1477.00,60.663,80.782,-3.139762
1478.00,59.651,80.780,-3.139989
1479.00,58.638,80.779,-3.140218
1480.00,57.625,80.777,-3.140448
1481.00,56.612,80.776,-3.140680
1482.00,55.598,80.775,-3.140912
1483.00,54.583,80.775,-3.141146
1484.00,53.569,80.774,-3.141381
1485.00,52.553,80.774,3.141569
1486.00,51.538,80.774,3.141333
1487.00,50.522,80.774,3.141097
1488.00,49.506,80.775,3.140861
1489.00,48.489,80.776,3.140625
1490.00,47.472,80.777,3.140388
1491.00,46.455,80.778,3.140153
1492.00,45.437,80.779,3.139917
1493.00,44.419,80.781,3.139683
1494.00,43.400,80.783,3.139449
1495.00,42.381,80.785,3.139216
1496.00,41.362,80.787,3.138985
1497.00,40.343,80.790,3.138754
1498.00,39.323,80.793,3.138526
1499.00,38.303,80.796,3.138299
1500.00,37.283,80.800,3.138073
1501.00,36.262,80.803,3.137850
1502.00,35.242,80.807,3.137629
1503.00,34.221,80.811,3.137410
1504.00,33.199,80.815,3.137194
1505.00,32.178,80.820,3.136981
1506.00,31.156,80.824,3.136770
1507.00,30.134,80.829,3.136562
1508.00,29.112,80.835,3.136357
1509.00,28.090,80.840,3.136155
1510.00,27.067,80.845,3.135957
1511.00,26.045,80.851,3.135762
1512.00,25.022,80.857,3.135571
1513.00,23.999,80.863,3.135384
1514.00,22.976,80.870,3.135200
1515.00,21.953,80.876,3.135021
1516.00,20.930,80.883,3.134846
1517.00,19.906,80.890,3.134675
1518.00,18.883,80.897,3.134508
1519.00,17.859,80.904,3.134346
1520.00,16.836,80.912,3.134189
1521.00,15.813,80.919,3.134036
1522.00,14.789,80.927,3.133889
1523.00,13.765,80.935,3.133746
1524.00,12.742,80.943,3.133609
1525.00,11.718,80.951,3.133476
1526.00,10.695,80.959,3.133349
1527.00,9.672,80.968,3.133228
1528.00,8.648,80.976,3.133112
1529.00,7.625,80.985,3.133001
1530.00,6.602,80.994,1.584956
1531.00,6.588,81.996,1.584834
1532.00,6.574,82.999,1.584700
1533.00,6.560,84.002,1.584554
1534.00,6.546,85.005,1.584397
1535.00,6.532,86.008,2.536548
1536.00,6.519,86.017,0.009428
1537.00,7.514,86.027,0.009489
1538.00,8.510,86.036,0.009544
1539.00,9.506,86.046,0.009592
1540.00,10.502,86.055,0.009633
1541.00,11.499,86.065,0.009667
1542.00,12.496,86.074,0.009695
1543.00,13.493,86.084,0.009716
1544.00,14.490,86.094,0.009730
1545.00,15.488,86.104,0.009737
1546.00,16.485,86.113,0.009737
1547.00,17.484,86.123,0.009731
1548.00,18.482,86.133,0.009718
1549.00,19.481,86.142,0.009697
1550.00,20.480,86.152,0.009670
1551.00,21.479,86.162,0.009637
1552.00,22.479,86.171,0.009596
1553.00,23.479,86.181,0.009549
1554.00,24.479,86.191,0.009495
1555.00,25.480,86.200,0.009434
1556.00,26.481,86.209,0.009367
1557.00,27.483,86.219,0.009293
1558.00,28.485,86.228,0.009213
1559.00,29.487,86.237,0.009126
1560.00,30.490,86.247,0.009033
1561.00,31.493,86.256,0.008933
1562.00,32.496,86.265,0.008827
1563.00,33.500,86.273,0.008716
1564.00,34.504,86.282,0.008598
1565.00,35.509,86.291,0.008473
1566.00,36.514,86.299,0.008344
1567.00,37.520,86.308,0.008208
1568.00,38.526,86.316,0.008066
1569.00,39.532,86.324,0.007919
1570.00,40.539,86.332,0.007767
1571.00,41.546,86.340,0.007609
1572.00,42.553,86.348,0.007445
1573.00,43.561,86.355,0.007277
1574.00,44.570,86.362,0.007103
1575.00,45.579,86.370,0.006925
1576.00,46.588,86.377,0.006742
1577.00,47.597,86.383,0.006554
1578.00,48.608,86.390,0.006362
1579.00,49.618,86.396,0.006165
1580.00,50.629,86.403,0.005964
1581.00,51.640,86.409,0.005759
1582.00,52.652,86.415,0.005550
1583.00,53.664,86.420,0.005337
1584.00,54.676,86.426,0.005120
1585.00,55.689,86.431,0.004900
1586.00,56.703,86.436,0.004676
1587.00,57.716,86.440,0.004450
1588.00,58.730,86.445,0.004220
1589.00,59.745,86.449,0.003987
1590.00,60.759,86.453,0.003752
1591.00,61.774,86.457,0.003514
1592.00,62.790,86.461,0.003274
1593.00,63.806,86.464,0.003031
1594.00,64.822,86.467,0.002786
1595.00,65.838,86.470,0.002540
1596.00,66.855,86.472,0.002291
1597.00,67.872,86.475,0.002041
1598.00,68.889,86.477,0.001790
1599.00,69.907,86.479,0.001537
1600.00,70.925,86.480,0.001284
1601.00,71.943,86.482,0.001029
1602.00,72.962,86.483,0.000774
1603.00,73.980,86.483,0.000518
1604.00,74.999,86.484,0.000262
1605.00,76.018,86.484,0.000005
1606.00,77.038,86.484,-0.000251
1607.00,78.057,86.484,-0.000508
1608.00,79.077,86.483,-0.000764
1609.00,80.097,86.483,-0.001019
1610.00,81.118,86.482,-0.001274
1611.00,82.138,86.480,-0.001528
1612.00,83.158,86.479,-0.001782
1613.00,84.179,86.477,-0.002034
1614.00,85.200,86.475,-0.002284
1615.00,86.221,86.473,-0.002534
1616.00,87.242,86.470,-0.002781
1617.00,88.263,86.467,-0.003027
1618.00,89.284,86.464,-0.003271
1619.00,90.306,86.461,-0.003513
1620.00,91.327,86.457,-0.003752
1621.00,92.348,86.453,-0.003989
1622.00,93.370,86.449,-0.004223
1623.00,94.391,86.445,-0.004455
1624.00,95.413,86.440,-0.004683
1625.00,96.434,86.436,-0.004909
1626.00,97.455,86.430,1.558681
1627.00,97.467,87.419,1.558728
1628.00,97.479,88.407,1.558788
1629.00,97.491,89.394,1.558860
1630.00,97.503,90.382,1.558945
1631.00,97.515,91.369,-0.500137
1632.00,97.526,91.363,-3.135035
1633.00,96.528,91.356,-3.134836
1634.00,95.530,91.349,-3.134642
1635.00,94.532,91.342,-3.134453
1636.00,93.534,91.335,-3.134269
1637.00,92.535,91.328,-3.134090
1638.00,91.536,91.320,-3.133916
1639.00,90.537,91.313,-3.133747
1640.00,89.538,91.305,-3.133584
1641.00,88.539,91.297,-3.133427
1642.00,87.539,91.289,-3.133275
1643.00,86.539,91.280,-3.133129
1644.00,85.539,91.272,-3.132989
1645.00,84.539,91.263,-3.132854
1646.00,83.538,91.255,-3.132726
1647.00,82.538,91.246,-3.132604
1648.00,81.536,91.237,-3.132489
1649.00,80.535,91.228,-3.132379
1650.00,79.533,91.218,-3.132277
1651.00,78.531,91.209,-3.132180
1652.00,77.529,91.200,-3.132090
1653.00,76.526,91.190,-3.132007
1654.00,75.524,91.180,-3.131930
1655.00,74.520,91.171,-3.131860
1656.00,73.517,91.161,-3.131797
1657.00,72.513,91.151,-3.131740
1658.00,71.508,91.141,-3.131690
1659.00,70.504,91.131,-3.131647
1660.00,69.499,91.121,-3.131611
1661.00,68.493,91.111,-3.131582
1662.00,67.488,91.101,-3.131559
1663.00,66.482,91.091,-3.131544
1664.00,65.475,91.081,-3.131535
1665.00,64.468,91.071,-3.131533
1666.00,63.461,91.061,-3.131538
1667.00,62.453,91.051,-3.131550
1668.00,61.445,91.041,-3.131568
1669.00,60.437,91.030,-3.131594
1670.00,59.428,91.020,-3.131626
1671.00,58.419,91.010,-3.131665
1672.00,57.409,91.000,-3.131710
1673.00,56.399,90.990,-3.131762
1674.00,55.389,90.980,-3.131821
1675.00,54.378,90.970,-3.131886
1676.00,53.367,90.961,-3.131958
1677.00,52.355,90.951,-3.132036
1678.00,51.343,90.941,-3.132120
1679.00,50.331,90.932,-3.132211
1680.00,49.318,90.922,-3.132308
1681.00,48.305,90.913,-3.132411
1682.00,47.292,90.903,-3.132520
1683.00,46.278,90.894,-3.132635
1684.00,45.264,90.885,-3.132755
1685.00,44.249,90.876,-3.132882
1686.00,43.234,90.867,-3.133014
1687.00,42.219,90.859,-3.133152
1688.00,41.203,90.850,-3.133295
1689.00,40.187,90.842,-3.133444
1690.00,39.171,90.833,-3.133597
1691.00,38.154,90.825,-3.133756
1692.00,37.137,90.817,-3.133920
1693.00,36.120,90.809,-3.134089
1694.00,35.102,90.802,-3.134262
1695.00,34.084,90.794,-3.134441
1696.00,33.066,90.787,-3.134623
1697.00,32.048,90.780,-3.134810
1698.00,31.029,90.773,-3.135001
1699.00,30.010,90.766,-3.135197
1700.00,28.990,90.760,-3.135396
1701.00,27.971,90.753,-3.135599
1702.00,26.951,90.747,-3.135806
1703.00,25.931,90.741,-3.136016
1704.00,24.911,90.736,-3.136229
1705.00,23.890,90.730,-3.136446
1706.00,22.869,90.725,-3.136666
1707.00,21.848,90.720,-3.136889
1708.00,20.827,90.715,-3.137114
1709.00,19.806,90.711,-3.137342
1710.00,18.785,90.706,-3.137573
1711.00,17.763,90.702,-3.137806
1712.00,16.741,90.698,-3.138040
1713.00,15.719,90.695,-3.138277
1714.00,14.697,90.691,-3.138516
1715.00,13.675,90.688,-3.138756
1716.00,12.653,90.685,-3.138998
1717.00,11.631,90.683,-3.139241
1718.00,10.609,90.680,-3.139485
1719.00,9.586,90.678,-3.139730
1720.00,8.564,90.676,-3.139976
1721.00,7.541,90.674,-3.140223
1722.00,6.519,90.673,-3.140223
