baseline,rssi_sigma,path_loss_exponent,mac,n,rmse,rmse_ci95_low,rmse_ci95_high,mean_error,mean_error_ci95_low,mean_error_ci95_high,max_observed_error,mean_max_error_global,mean_max_error_global_ci95_low,mean_max_error_global_ci95_high
30,3,3.2,00:02,30,1.761700083838779e+95,0.0,inf,3.2164095852373868e+94,-3.361148015910388e+94,9.79396718638516e+94,9.649228754772416e+95,1.8290537511527437e+106,-1.911361166801125e+106,5.569468669106612e+106
30,3,3.2,00:03,30,1.001813997579337e+107,0.0,inf,1.8290537511527437e+106,-1.911361166801125e+106,5.569468669106612e+106,5.487161248986288e+107,1.8290537511527437e+106,-1.911361166801125e+106,5.569468669106612e+106
30,3,3.2,00:04,30,1.733639760532451e+95,0.0,inf,3.165178701473293e+94,-3.307611693603408e+94,9.637969096549994e+94,9.495536034314778e+95,1.8290537511527437e+106,-1.911361166801125e+106,5.569468669106612e+106
30,3,3.5,00:02,30,9.446409052554548e+48,0.0,1.648391612888217e+49,1.7246704418350433e+48,-1.80228061171762e+48,5.251621495387706e+48,5.17401132550513e+49,1.9060130500287807e+70,-1.991783637280075e+70,5.803809737337637e+70
30,3,3.5,00:03,30,1.0439663423999859e+71,0.0,1.8217137892036977e+71,1.9060130500287807e+70,-1.991783637280075e+70,5.803809737337637e+70,5.718039150086342e+71,1.9060130500287807e+70,-1.991783637280075e+70,5.803809737337637e+70
30,3,3.5,00:04,30,1.00313760062952e+53,0.0,1.7504679272843318e+53,1.8314703071546552e+52,-1.913886470976615e+52,5.576827085285925e+52,5.494410921463966e+53,1.9060130500287807e+70,-1.991783637280075e+70,5.803809737337637e+70
30,3,3.8,00:02,30,8.324955566389038,8.11983111671146,8.525145922551003,8.30705854063392,8.099874085638499,8.51424299562934,9.05752900005939,456180349.4327932,-475102676.3083932,1387463375.1739795
30,3,3.8,00:03,30,2494445293.9419646,0.0,4352785079.054684,456180345.87661076,-475102680.11578035,1387463371.8690019,13662621079.82373,456180349.4327932,-475102676.3083932,1387463375.1739795
30,3,3.8,00:04,30,18.97619701498605,0.0,27.3198415246497,12.917835041183356,7.639139237642746,18.196530844723966,75.28306486990122,456180349.4327932,-475102676.3083932,1387463375.1739795
30,3,4.1,00:02,30,8.537349149171085,8.329002367371121,8.740731122396499,8.520120904913036,8.314260827204155,8.725980982621916,9.426824401333546,18.785986749310503,15.030550120502888,22.541423378118118
30,3,4.1,00:03,30,17.474467813738144,12.221700161659301,21.478922130899345,12.846784994387585,8.348471937949512,17.34509805082566,35.45269281928819,18.785986749310503,15.030550120502888,22.541423378118118
30,3,4.1,00:04,30,14.308287047228008,7.209271086593193,18.90715649831452,11.923771186857937,8.920388969700502,14.927153404015373,48.37885238012,18.785986749310503,15.030550120502888,22.541423378118118
30,3,4.4,00:02,30,9.036596301443655,8.80028802791799,9.266880600084022,9.014825634089895,8.776765927939843,9.252885340239947,10.051364413431086,20.74782976733036,17.32219740210166,24.173462132559056
30,3,4.4,00:03,30,20.533303854840245,15.607939856546876,24.48724867813471,16.01242426428492,11.131252470989434,20.893596057580407,38.0126152292799,20.74782976733036,17.32219740210166,24.173462132559056
30,3,4.4,00:04,30,13.886112086163264,11.589068616473607,15.85376000643524,13.07292515173707,11.294884448188627,14.850965855285514,30.92895326646399,20.74782976733036,17.32219740210166,24.173462132559056
30,4,3.2,00:02,30,1.05254502746884e+96,0.0,inf,1.9216824050080805e+95,-2.008143536135148e+95,5.85150834615131e+95,5.765026543308723e+96,6.356658767618004e+104,-6.474241341014853e+104,1.9187558876250863e+105
30,4,3.2,00:03,30,3.438077607300624e+105,0.0,inf,6.356658767618004e+104,-6.474241341014853e+104,1.9187558876250863e+105,1.8829592255931748e+106,6.356658767618004e+104,-6.474241341014853e+104,1.9187558876250863e+105
30,4,3.2,00:04,30,8.015229010499574e+96,0.0,inf,1.4634145716612105e+96,-1.529182208747256e+96,4.456011352069677e+96,4.390121730925702e+97,6.356658767618004e+104,-6.474241341014853e+104,1.9187558876250863e+105
30,5,3.2,00:02,30,9.363781577567018e+127,0.0,inf,1.7095847978615884e+127,-1.7865161137653605e+127,5.205685709488538e+127,5.128754393584766e+128,2.893875186608894e+137,-3.0240995700062947e+137,8.811849943224083e+137
30,5,3.2,00:03,30,1.5850407183101633e+138,0.0,inf,2.893875186608894e+137,-3.0240995700062947e+137,8.811849943224083e+137,8.681625559826683e+138,2.893875186608894e+137,-3.0240995700062947e+137,8.811849943224083e+137
30,5,3.2,00:04,30,5.972304606748152e+126,0.0,inf,1.0903886511359945e+126,-1.1394561404371146e+126,3.3202334427091036e+126,3.2711659534079836e+127,2.893875186608894e+137,-3.0240995700062947e+137,8.811849943224083e+137
30,6,3.2,00:02,30,2.776371357234375e+123,0.0,inf,5.0689374012283376e+122,-5.2970395842836144e+122,1.543491438674029e+123,1.5206812203685013e+124,4.032825178353642e+136,-4.214302311379556e+136,1.227995266808684e+137
30,6,3.2,00:03,30,2.2088693206590845e+137,0.0,inf,4.032825178353642e+136,-4.214302311379556e+136,1.227995266808684e+137,1.2098475535060925e+138,4.032825178353642e+136,-4.214302311379556e+136,1.227995266808684e+137
30,6,3.2,00:04,30,8.469105682374087e+124,0.0,inf,1.54624007471049e+124,-1.6158208780724618e+124,4.708301027493442e+124,4.63872022413147e+125,4.032825178353642e+136,-4.214302311379556e+136,1.227995266808684e+137
30,6,3.8,00:02,30,8.056156390967276,7.8871537173591095,8.221685826531814,8.043621918856145,7.873030459072842,8.214213378639448,8.648711237753782,421510172.21119285,-433538545.54130983,1276558889.9636955
30,6,3.8,00:03,30,2290741644.246479,0.0,3997243852.0923724,421510169.4176484,-433538548.53344613,1276558887.368743,12546529619.073076,421510172.21119285,-433538545.54130983,1276558889.9636955
30,6,3.8,00:04,30,17.02882753856999,0.0,24.84360435467363,11.56312796976156,6.815910565095891,16.31034537442723,69.45156056833869,421510172.21119285,-433538545.54130983,1276558889.9636955
30,8,3.2,00:02,30,2.1750989135375514e+134,0.0,inf,3.9711691324983197e+133,-4.149871743460742e+133,1.2092210008457382e+134,1.1913507397494958e+135,6.718189443651458e+146,-7.02050796861577e+146,2.0456886855918686e+147
30,8,3.2,00:03,30,3.6797039038809854e+147,0.0,inf,6.718189443651458e+146,-7.02050796861577e+146,2.0456886855918686e+147,2.0154568330954374e+148,6.718189443651458e+146,-7.02050796861577e+146,2.0456886855918686e+147
30,8,3.2,00:04,30,3.475988032035635e+135,0.0,inf,6.346256849213024e+134,-6.631838407427613e+134,1.9324352105853662e+135,1.9038770547639073e+136,6.718189443651458e+146,-7.02050796861577e+146,2.0456886855918686e+147
30,10,3.2,00:02,30,4.49924544445072e+129,0.0,inf,8.225679297635823e+128,-8.572101252795512e+128,2.5023459848067157e+129,2.464335920340793e+130,3.2702378110997126e+142,-2.9297674572354717e+142,9.470243079434896e+142
30,10,3.2,00:03,30,1.6650969001973461e+143,0.0,inf,3.2702378110997126e+142,-2.9297674572354717e+142,9.470243079434896e+142,9.091726359684346e+143,3.2702378110997126e+142,-2.9297674572354717e+142,9.470243079434896e+142
30,10,3.2,00:04,30,4.908509103389028e+130,0.0,inf,8.97675376074497e+129,-9.348797923829359e+129,2.7302305445319298e+130,2.688497345273169e+131,3.2702378110997126e+142,-2.9297674572354717e+142,9.470243079434896e+142
30,12,3.2,00:02,30,3.3173105594371505e+131,0.0,inf,6.05709131259625e+130,-6.328521071965383e+130,1.8442703697157885e+131,1.8169658164695172e+132,3.5992179085590532e+146,-3.7611315394729167e+146,1.0959567356591023e+147
30,12,3.2,00:03,30,1.971359588329496e+147,0.0,inf,3.5992179085590532e+146,-3.7611315394729167e+146,1.0959567356591023e+147,1.0797581154577753e+148,3.5992179085590532e+146,-3.7611315394729167e+146,1.0959567356591023e+147
30,12,3.2,00:04,30,3.385714214459786e+132,0.0,inf,6.183941178793635e+131,-6.4569275502566325e+131,1.8824809907843903e+132,1.854431896676948e+133,3.5992179085590532e+146,-3.7611315394729167e+146,1.0959567356591023e+147
30,12,4.4,00:02,30,9.098211666727927,8.863793767432822,9.326739575735315,9.076963578809284,8.840973609250991,9.312953548367577,10.109241570485246,17.15661360449023,14.511064073270054,19.8021631357104
30,12,4.4,00:03,30,16.59234017967779,12.803283590565247,19.664369671460683,13.43541887940521,9.738093666779609,17.132744092030812,30.23895251988607,17.15661360449023,14.511064073270054,19.8021631357104
30,12,4.4,00:04,30,11.815855519664003,9.411184380357904,13.807914103225585,11.03581147396002,9.432518756946138,12.639104190973903,28.887023222714898,17.15661360449023,14.511064073270054,19.8021631357104
40,3,3.2,00:02,30,1.6609498209368368e+107,0.0,inf,3.0324656127042398e+106,-3.1689265652759277e+106,9.233857790684408e+106,9.097396838112719e+107,2.1637512609172494e+118,-2.2611200676585255e+118,6.588622589493025e+118
40,3,3.2,00:03,30,1.1851353744346237e+119,0.0,inf,2.1637512609172494e+118,-2.2611200676585255e+118,6.588622589493025e+118,6.491253782751748e+119,2.1637512609172494e+118,-2.2611200676585255e+118,6.588622589493025e+118
40,3,3.2,00:04,30,7.476185133459455e+106,0.0,inf,1.364958413893505e+106,-1.426381542518713e+106,4.156298370305723e+106,4.094875241680515e+107,2.1637512609172494e+118,-2.2611200676585255e+118,6.588622589493025e+118
40,6,3.8,00:02,30,5.089966461541304,4.953502231938079,5.22286633922553,5.077389287564537,4.941592387104081,5.213186188024992,5.627163428471839,31967085247.67286,-33403231992.67524,97337402488.02097
40,6,3.8,00:03,30,175084795368.35208,0.0,305521713610.0642,31967085245.296963,-33403231995.218685,97337402485.8126,958978918469.888,31967085247.67286,-33403231992.67524,97337402488.02097
40,6,3.8,00:04,30,17.759747438080908,0.0,26.34155369423054,11.736331027051081,6.67461359426184,16.798048459840324,74.77192200886765,31967085247.67286,-33403231992.67524,97337402488.02097
40,12,4.4,00:02,30,6.281848314794813,6.164876422573943,6.396681576768753,6.274352121589508,6.157847321499658,6.390856921679357,6.917960354923277,16.94113520949316,14.19200471073662,19.690265708249704
40,12,4.4,00:03,30,16.5912469577332,12.80427693799853,19.661877919466935,13.435493971196873,9.738915645351938,17.13207229704181,30.254054389837464,16.94113520949316,14.19200471073662,19.690265708249704
40,12,4.4,00:04,30,11.821510814938527,9.412956096385122,13.816384962172389,11.040266900043092,9.435386636925527,12.645147163160656,28.914114984837905,16.94113520949316,14.19200471073662,19.690265708249704
50,3,3.2,00:02,30,9.072852463335204e+116,0.0,inf,1.6564686517113552e+116,-1.731009741003769e+116,5.04394704442648e+116,4.969405955085004e+117,2.3723317128428104e+129,-2.4790866371135042e+129,7.223750062799125e+129
50,3,3.2,00:03,30,1.2993795922820627e+130,0.0,inf,2.3723317128428104e+129,-2.4790866371135042e+129,7.223750062799125e+129,7.116995134547514e+130,2.3723317128428104e+129,-2.4790866371135042e+129,7.223750062799125e+129
50,3,3.2,00:04,30,1.4692078214932265e+117,0.0,inf,2.6823942187801678e+116,-2.8031019576437662e+116,8.167890395204102e+116,8.047182654948636e+117,2.3723317128428104e+129,-2.4790866371135042e+129,7.223750062799125e+129
50,6,3.8,00:02,30,3.544015024003254,3.443220104385246,3.6420214570316336,3.5331238850888536,3.427694949455311,3.638552820722396,3.8531231284945897,69053084841.56905,-72159948997.13307,210266118680.27118
50,6,3.8,00:03,30,378217963942.26917,0.0,659987637774.2715,69053084838.02766,-72159949000.92421,210266118676.97955,2071585105040.9224,69053084841.56905,-72159948997.13307,210266118680.27118
50,6,3.8,00:04,30,18.310145930683806,0.0,27.453718007268815,11.867864514152924,6.572943796381611,17.162785231924236,78.65619997907773,69053084841.56905,-72159948997.13307,210266118680.27118
50,12,4.4,00:02,30,5.327522645978663,5.212395012536246,5.44021445534257,5.318677793712413,5.202148014300902,5.435207573123924,5.871431421437499,14.454180897232517,11.905905802209391,17.00245599225564
50,12,4.4,00:03,30,12.710358553990226,8.080365246062499,16.056591376509846,8.962332954356606,5.539765531475993,12.38490037723722,27.675820153376474,14.454180897232517,11.905905802209391,17.00245599225564
50,12,4.4,00:04,30,11.823440237226414,9.411476154582697,13.820694435456218,11.040571370686767,9.433944447324663,12.64719829404887,28.933790288090506,14.454180897232517,11.905905802209391,17.00245599225564
60,3,3.2,00:02,30,0.9471022727257349,0.8823778363546917,1.007677916754415,0.9310033260642445,0.8649715394906938,0.9970351126377952,1.2317735263626914,42.27228414715616,27.294158474751228,57.250409819561085
60,3,3.2,00:03,30,12.27514839946923,12.198871278441485,12.35095445664016,12.273528897120405,12.197810893825938,12.349246900414872,12.850785967327528,42.27228414715616,27.294158474751228,57.250409819561085
60,3,3.2,00:04,30,57.65058763001665,28.148343171754814,76.51699997293139,41.16454679179464,25.837297117278943,56.49179646631034,168.77297785098185,42.27228414715616,27.294158474751228,57.250409819561085
60,3,3.8,00:02,30,2.4836550403682365,2.4110108845551,2.554233981774169,2.47632478548424,2.4039155759599056,2.548733995008574,2.846360113204962,13.075494214118205,7.822437505572125,18.328550922664284
60,3,3.8,00:03,30,2.0122339686309836,1.8989546701506197,2.1194674448403186,1.9902710929780985,1.8776797862223737,2.1028623997338234,2.496875988985495,13.075494214118205,7.822437505572125,18.328550922664284
60,3,3.8,00:04,30,19.02076205472945,0.0,27.413184317974803,12.926172630128317,7.627328590112185,18.22501667014445,75.62170970664874,13.075494214118205,7.822437505572125,18.328550922664284
60,4,3.8,00:02,30,2.5705253379433657,2.5003053573121132,2.6388774405443796,2.5638973354021077,2.4938435745713794,2.633951096232836,2.9222377365052927,12.473497322384656,7.449325210583289,17.497669434186022
60,4,3.8,00:03,30,2.0883561887824724,1.9790836270197267,2.192188664261028,2.0687073797141617,1.9601758904331825,2.177238868995141,2.5539323885464094,12.473497322384656,7.449325210583289,17.497669434186022
60,4,3.8,00:04,30,18.168283090857987,0.0,26.362193482609175,12.323875401639695,7.254451018741675,17.393299784537714,73.262796569638,12.473497322384656,7.449325210583289,17.497669434186022
60,5,3.8,00:02,30,2.6015954467857356,2.5324921983844635,2.6689100776523684,2.5952512646941077,2.526298436086168,2.664204093302047,2.949885275167459,12.07900887410113,7.157493965268854,17.000523782933406
60,5,3.8,00:03,30,2.2803558147216134,2.1756090547143243,2.380497957259025,2.264006184996185,2.1604956069329084,2.367516763059461,2.734688837059301,12.07900887410113,7.157493965268854,17.000523782933406
60,5,3.8,00:04,30,17.701099864347476,0.0,25.886192479965658,11.932178860592794,6.967039275086631,16.897318446098957,72.51826980454821,12.07900887410113,7.157493965268854,17.000523782933406
60,6,3.2,00:02,30,0.9007061325100211,0.8389239877162921,0.9585142759064749,0.8835115334829433,0.8169973510480825,0.9500257159178042,1.1581568330144103,40.13237110328297,26.034994943097146,54.229747263468795
60,6,3.2,00:03,30,11.190556913571376,11.12744429137231,11.25331558315886,11.189337388318561,11.12660111344485,11.252073663192272,11.661279766188997,40.13237110328297,26.034994943097146,54.229747263468795
60,6,3.2,00:04,30,54.51281878362743,29.067119787209204,71.40306275468328,39.07282676001056,24.637637927966193,53.50801559205492,167.71553968311144,40.13237110328297,26.034994943097146,54.229747263468795
60,6,3.5,00:02,30,1.6251654934902495,1.529878782885399,1.7151666601645168,1.6072483404419675,1.5158596838007488,1.6986369970831863,2.106374820638913,18.698458956573177,11.674806613664694,25.72211129948166
60,6,3.5,00:03,30,7.243968249476495,7.127281584029932,7.358804877206278,7.237632835888309,7.1226084060198085,7.35265726575681,7.909703505740125,18.698458956573177,11.674806613664694,25.72211129948166
60,6,3.5,00:04,30,26.059632183320613,3.3352495316998647,36.70265616574929,17.44032319634836,10.087147485298326,24.793498907398394,97.73843959432942,18.698458956573177,11.674806613664694,25.72211129948166
60,6,3.8,00:02,30,2.60163111587138,2.5326529490748073,2.668827076766684,2.5953101221272132,2.526482796188974,2.6641374480654525,2.9499485933674756,11.868395864544892,6.879931036760114,16.85686069232967
60,6,3.8,00:03,30,2.332773077336185,2.229824413637782,2.4313666002958074,2.3172507084154406,2.2152270479971286,2.4192743688337526,2.7794139791758963,11.868395864544892,6.879931036760114,16.85686069232967
60,6,3.8,00:04,30,17.68850324821387,0.0,26.193413015317432,11.720137470317217,6.689077374600899,16.751197566033536,74.24304797971439,11.868395864544892,6.879931036760114,16.85686069232967
60,6,4.1,00:02,30,3.806704683567347,3.71876754528936,3.892655782353444,3.7996562043154385,3.7117275372371097,3.8875848713937673,4.150305453816142,10.923287737857043,8.249967479974616,13.59660799573947
60,6,4.1,00:03,30,1.975352682437856,1.9460278920772751,2.0042484584716895,1.9738339705343406,1.944424592349121,2.0032433487195602,2.1548462964362947,10.923287737857043,8.249967479974616,13.59660799573947
60,6,4.1,00:04,30,12.94127645473647,5.4200301278869425,17.480747866399508,10.6414058752305,7.8447269311085,13.4380848193525,45.91710679997638,10.923287737857043,8.249967479974616,13.59660799573947
60,6,4.4,00:02,30,5.094784175071117,5.032134182470087,5.156673069986721,5.092069583978452,5.028920572146349,5.155218595810554,5.435190364774271,11.728565129220483,10.236836890038472,13.220293368402494
60,6,4.4,00:03,30,3.925492324918577,3.8860426855739814,3.9645494361763567,3.924099441614347,3.8843916974320924,3.9638071857966013,4.075674958764204,11.728565129220483,10.236836890038472,13.220293368402494
60,6,4.4,00:04,30,12.30850607968133,9.860700186637663,14.344519359544552,11.495982946979707,9.825886268351406,13.166079625608008,29.73916748303288,11.728565129220483,10.236836890038472,13.220293368402494
60,8,3.8,00:02,30,2.601686029621734,2.5328351655936676,2.668761214007335,2.5953885848695832,2.526688705819248,2.6640884639199185,2.9500658032818454,11.711895306276874,6.481167026632463,16.942623585921286
60,8,3.8,00:03,30,2.3522332270078823,2.251022754624843,2.449264964564066,2.3373610675957206,2.237073068689205,2.437649066502236,2.785413582130713,11.711895306276874,6.481167026632463,16.942623585921286
60,8,3.8,00:04,30,18.065319732805282,0.0,27.309594458905313,11.560172258345537,6.288411749682826,16.831932767008247,78.76667083748191,11.711895306276874,6.481167026632463,16.942623585921286
60,10,3.8,00:02,30,2.6017215766657347,2.5329317681508976,2.6687388375163352,2.5954354103905666,2.526796534356818,2.664074286424315,2.9501403963329724,11.79950056975663,6.164030022319708,17.43497111719355
60,10,3.8,00:03,30,2.3540783226180113,2.2529355738780037,2.4510509578536,2.3392379662034832,2.239017506496477,2.4394584259104897,2.7870241627110945,11.79950056975663,6.164030022319708,17.43497111719355
60,10,3.8,00:04,30,18.944986944758988,0.0,29.200844341451134,11.647025356886564,5.972897435564432,17.321153278208698,85.47238912702304,11.79950056975663,6.164030022319708,17.43497111719355
60,12,3.8,00:02,30,2.601743628460224,2.5329875602085004,2.668728880252869,2.595463691925946,2.526858503494794,2.6640688803570978,2.950187100059441,11.945114785044982,5.89517454957102,17.995055020518944
60,12,3.8,00:03,30,2.354704486455923,2.2533287647693534,2.4518923130786807,2.3397813067258375,2.239269052609902,2.440293560841773,2.7878973872669692,11.945114785044982,5.89517454957102,17.995055020518944
60,12,3.8,00:04,30,19.898625956104645,0.0,31.137389241334326,11.792612132243644,5.7061126905646224,17.879111573922664,92.10687983943478,11.945114785044982,5.89517454957102,17.995055020518944
60,12,4.4,00:02,30,5.097336304663534,5.034768088164073,5.1591457727114545,5.094630019257249,5.031561867902434,5.157698170612063,5.436276677319793,11.268184518001068,9.833136223663274,12.703232812338861
60,12,4.4,00:03,30,3.931150571808703,3.891805784308193,3.970105461280478,3.929766970369392,3.8901632088820866,3.969370731856697,4.079660797614592,11.268184518001068,9.833136223663274,12.703232812338861
60,12,4.4,00:04,30,11.822211440614703,9.410376777488127,13.819340635461394,11.039354911837508,9.43282656270578,12.645883260969237,28.928668672808474,11.268184518001068,9.833136223663274,12.703232812338861
70,3,3.2,00:02,30,0.7214559992858065,0.6183134533702769,0.8115947210229287,0.6956810539885967,0.6231040366474883,0.7682580713297051,1.4972658942861028,41.801927615949026,26.83808475675294,56.76577047514511
70,3,3.2,00:03,30,10.260955861529252,10.2161935744872,10.305523724348486,10.260281226798535,10.215599450492732,10.304963003104337,10.535971455663974,41.801927615949026,26.83808475675294,56.76577047514511
70,3,3.2,00:04,30,57.346250739277835,28.080769957115596,76.08321303888133,41.02976296211606,25.815452869938554,56.244073054293565,168.22554662683675,41.801927615949026,26.83808475675294,56.76577047514511
70,6,3.8,00:02,30,1.9808991570429078,1.9172557632378302,2.042560471339326,1.9736816480803254,1.909525511047554,2.037837785113097,2.2541625865065162,11.653076340736675,6.934143993326671,16.37200868814668
70,6,3.8,00:03,30,1.8266195788572062,1.7642798918880902,1.8869008015283428,1.8197678660909016,1.7597438162781145,1.8797919159036887,2.1306052755160017,11.653076340736675,6.934143993326671,16.37200868814668
70,6,3.8,00:04,30,17.028013481359448,0.0,24.84289039351072,11.561583878631344,6.8142452328501335,16.308922524412555,69.45053942327753,11.653076340736675,6.934143993326671,16.37200868814668
70,12,4.4,00:02,30,5.112895114437319,5.047041394530256,5.177911361193054,5.109929241374364,5.043805709485364,5.176052773263365,5.46914739244128,11.32733100002293,9.933162520423727,12.721499479622134
70,12,4.4,00:03,30,6.123962982024437,6.086961720082757,6.160742019323519,6.1231924501826,6.086302571803133,6.160082328562067,6.332379696420055,11.32733100002293,9.933162520423727,12.721499479622134
70,12,4.4,00:04,30,11.812792040436856,9.407170699452767,13.805406586282565,11.03247900213745,9.429134294070023,12.635823710204876,28.887468597433752,11.32733100002293,9.933162520423727,12.721499479622134
80,3,3.2,00:02,30,1.520821731694605,1.4245855523759878,1.6113204160410668,1.5049264501341535,1.4216456639218733,1.5882072363464337,2.34431737122841,42.00033823098522,26.662182987458785,57.33849347451166
80,3,3.2,00:03,30,8.327215972411594,8.281116739498788,8.37306140244812,8.326347726848839,8.280684227392532,8.372011226305146,8.730093347490357,42.00033823098522,26.662182987458785,57.33849347451166
80,3,3.2,00:04,30,58.22136605239412,28.66601344482988,77.18623324916544,41.54605142165341,26.05696877444005,57.03513406886677,169.2550394969391,42.00033823098522,26.662182987458785,57.33849347451166
80,6,3.8,00:02,30,1.5335974248615374,1.4850174539902463,1.580685068072766,1.5281411985056275,1.4790589376401888,1.5772234593710661,1.7725354621064089,12.010021508101115,6.7549750696646305,17.2650679465376
80,6,3.8,00:03,30,2.719378172875619,2.65689051911093,2.7804618435941775,2.7144858582791014,2.6525694315060004,2.7764022850522023,3.019936880354401,12.010021508101115,6.7549750696646305,17.2650679465376
80,6,3.8,00:04,30,18.309082173374815,0.0,27.452833700582257,11.866557200247932,6.571744411314227,17.161369989181637,78.65524723863747,12.010021508101115,6.7549750696646305,17.2650679465376
80,12,4.4,00:02,30,5.208296602494848,5.157701817214175,5.258404602521979,5.206565699226912,5.155578931794248,5.257552466659576,5.469436482421976,11.270319881445403,9.837074953660892,12.703564809229913
80,12,4.4,00:03,30,4.79655887525237,4.750644122909308,4.842038259348207,4.795051988371171,4.749397822241004,4.840706154501337,5.057940298010114,11.270319881445403,9.837074953660892,12.703564809229913
80,12,4.4,00:04,30,11.821486376456003,9.408834398758266,13.819150319546166,11.038494918338076,9.431883826831108,12.645106009845044,28.93433192493351,11.270319881445403,9.837074953660892,12.703564809229913
90,3,3.2,00:02,29,241216042.08350128,0.0,372750254.5336404,111558375.79922077,28783492.180878818,194333259.41756272,1070602617.6347408,141622299.2797206,63867279.533692256,219377319.02574897
90,3,3.2,00:03,30,75923240.04212147,17657804.799816623,105909766.71978259,35086132.340315446,9517845.797884025,60654418.88274687,254946501.54807073,141622299.2797206,63867279.533692256,219377319.02574897
90,3,3.2,00:04,29,54.41903808460829,21.915475929425924,73.77381193143573,38.748409482515314,23.95983733669221,53.53698162833842,169.48116198621344,141622299.2797206,63867279.533692256,219377319.02574897
90,3,4.4,00:02,29,6.031730877169528,5.96298269928607,6.09970426145527,6.029209538935623,5.9617167961606246,6.096702281710622,6.539178503924141,13.395138089282494,11.86205828108945,14.928217897475538
90,3,4.4,00:03,30,6.499169060196717,6.3701936446864,6.625634299841304,6.488669780850908,6.34843927381679,6.628900287885027,6.96095812011462,13.395138089282494,11.86205828108945,14.928217897475538
90,3,4.4,00:04,30,13.895617135381935,11.585690717241954,15.87287377101745,13.078975214909246,11.296647364672307,14.861303065146185,31.020464186517824,13.395138089282494,11.86205828108945,14.928217897475538
90,4,4.4,00:02,29,6.103558583282064,6.0349709124731,6.171384029917107,6.101070991281497,6.033633281391163,6.168508701171831,6.603486083980492,12.734266593684719,11.249018980776174,14.219514206593264
90,4,4.4,00:03,30,6.5871939171287375,6.467893443828317,6.704371842536656,6.578642030841226,6.451218542012442,6.70606551967001,7.037552858373223,12.734266593684719,11.249018980776174,14.219514206593264
90,4,4.4,00:04,30,13.220602846097913,10.871334866339613,15.211270737594973,12.409817939319193,10.678706567741878,14.140929310896508,30.410710420162065,12.734266593684719,11.249018980776174,14.219514206593264
90,5,4.4,00:02,29,6.12499135996588,6.056053751710511,6.19316165425273,6.122487242839899,6.054707237215448,6.19026724846435,6.626147968447645,12.182221932072219,10.724822271116249,13.639621593028188
90,5,4.4,00:03,30,6.60632962693025,6.489517764041775,6.721111624537936,6.598260561120194,6.474304317822645,6.722216804417743,7.057050255957453,12.182221932072219,10.724822271116249,13.639621593028188
90,5,4.4,00:04,30,12.667840684357332,10.249541455525895,14.693375213339301,11.85341946373911,10.156386624659643,13.550452302818577,30.07104648209941,12.182221932072219,10.724822271116249,13.639621593028188
90,6,3.8,00:02,29,1687.155705823936,0.0,2945.447703483343,321.6369346092365,-319.37679002100333,962.6506592394763,9085.270926997722,23470.021587723655,-23853.457068964104,70793.5002444114
90,6,3.8,00:03,30,126798.45566861988,0.0,221262.39620700944,23157.82889697725,-24183.632972543794,70499.29076649829,694503.7413987179,23470.021587723655,-23853.457068964104,70793.5002444114
90,6,3.8,00:04,30,18.161982952587238,0.0,27.150686502184037,11.832527384277832,6.600158198374401,17.06489657018126,77.58990205183339,23470.021587723655,-23853.457068964104,70793.5002444114
90,6,4.4,00:02,29,6.1257349608544525,6.056858080456546,6.193845963089269,6.123235368167595,6.055512498788097,6.190958237547093,6.626732262165296,11.83138795106729,10.396612463160988,13.266163438973592
90,6,4.4,00:03,30,6.607188233529422,6.490364792298592,6.721981669825509,6.599117237034516,6.47513811343381,6.723096360635222,7.057758303460885,11.83138795106729,10.396612463160988,13.266163438973592
90,6,4.4,00:04,30,12.312075640294305,9.863811992708102,14.348506058721398,11.50029480705236,9.83068485392863,13.169904760176088,29.752864739937866,11.83138795106729,10.396612463160988,13.266163438973592
90,8,4.4,00:02,29,6.126529959505725,6.057713678953274,6.194581799707293,6.124034884147028,6.05636883389847,6.191700934395585,6.627376608089279,11.527519818116678,10.123093832430362,12.931945803802995
90,8,4.4,00:03,30,6.608908478883023,6.493382919942444,6.722449019479697,6.601056156257141,6.478751157268335,6.723361155245947,7.058542842512459,11.527519818116678,10.123093832430362,12.931945803802995
90,8,4.4,00:04,30,11.990988540559945,9.534139641898966,14.023829492989798,11.189486018052715,9.552639640851446,12.826332395253985,29.371825974386894,11.527519818116678,10.123093832430362,12.931945803802995
90,10,4.4,00:02,29,6.126918376374961,6.058130396875568,6.194942588593913,6.124425410416402,6.056785819211235,6.192065001621568,6.6276955473746595,11.422700443690571,10.038276450974992,12.80712443640615
90,10,4.4,00:03,30,6.609750072917863,6.494860778434487,6.7226762172239685,6.602003439800566,6.4805160954347825,6.723490784166349,7.058926113814487,11.422700443690571,10.038276450974992,12.80712443640615
90,10,4.4,00:04,30,11.872106586311357,9.438735800429654,13.885391463086757,11.082928767993273,9.466633388807773,12.699224147178773,29.101802569344112,11.422700443690571,10.038276450974992,12.80712443640615
90,12,3.2,00:02,29,1141487415.3823645,318242007.7534466,1582627266.1159596,546908123.5984696,159121410.73110884,934694836.4658303,3667613118.8491783,717438076.8328836,347704368.42918974,1087171785.2365775
90,12,3.2,00:03,30,452811644.81501615,0.0,660227517.6961653,196789562.64992902,41923435.49817985,351655689.8016782,1782164231.4902935,717438076.8328836,347704368.42918974,1087171785.2365775
90,12,3.2,00:04,30,87.63993134784499,61.980700955540605,107.33083360511934,63.79507053167649,40.97563786136263,86.61450320199035,169.02567003393267,717438076.8328836,347704368.42918974,1087171785.2365775
90,12,3.5,00:02,29,94316869.36981684,0.0,144626174.9293122,36925304.5300466,3335175.0787908733,70515433.98130232,403997184.00934017,57110351.413457975,22609741.598559268,91610961.22835669
90,12,3.5,00:03,30,58641920.97507275,21356395.427184664,80135224.25033252,27094646.31385257,7345047.293336056,46844245.334369086,171650170.97240722,57110351.413457975,22609741.598559268,91610961.22835669
90,12,3.5,00:04,30,32.069383027864276,8.442439058407123,44.56024998045702,19.596841677380553,9.956883409039886,29.23679994572122,102.4712250558951,57110351.413457975,22609741.598559268,91610961.22835669
90,12,3.8,00:02,29,1595.346545307503,0.0,2785.0572931899233,307.12146075109683,-298.7848744419971,913.0277959441908,8590.397228729058,40392.53079307418,-41564.38668432083,122349.44827046918
90,12,3.8,00:03,30,219561.5761502448,0.0,383133.3770023351,40095.351997316844,-41880.4423467492,122071.14634138289,1202588.2775414865,40392.53079307418,-41564.38668432083,122349.44827046918
90,12,3.8,00:04,30,15.873183802856644,0.0,23.1269083199131,10.872078011556116,6.48019502155014,15.263961001562093,64.58033290274889,40392.53079307418,-41564.38668432083,122349.44827046918
90,12,4.1,00:02,29,4.383276115593889,3.9033475875036303,4.815609683332038,4.247384137837455,3.8282337650330795,4.66653451064183,7.5189789620755425,10.469872483587483,7.886239690894394,13.053505276280573
90,12,4.1,00:03,30,4.305070748587222,3.6151651390080097,4.898759977625347,4.092065031666836,3.584191556843099,4.599938506490574,9.416160363649844,10.469872483587483,7.886239690894394,13.053505276280573
90,12,4.1,00:04,30,12.43025439615144,4.937699119669492,16.871324076956718,10.185893950972497,7.4803789982887405,12.891408903656254,44.55506709589905,10.469872483587483,7.886239690894394,13.053505276280573
90,12,4.4,00:02,29,6.1271336173691235,6.058360943125922,6.195142888827996,6.124641794006322,6.057016513917505,6.192267074095138,6.6278775352935595,11.384612567093304,10.012057575537197,12.757167558649412
90,12,4.4,00:03,30,6.610036700512157,6.495205042466669,6.722907244678513,6.602299634722401,6.4808846558588975,6.723714613585905,7.0591374405424565,11.384612567093304,10.012057575537197,12.757167558649412
90,12,4.4,00:04,30,11.824560454568337,9.412216950067718,13.822106640173946,11.042250751669165,9.436099372897623,12.648402130440708,28.937774512674967,11.384612567093304,10.012057575537197,12.757167558649412
