Time_s,Src_MAC,Seq_Num,RSSI_dBm
0.00509042,00:02,0,-39
0.0569242,00:03,0,-93
0.106644,00:04,0,-98
0.507613,00:02,1,-39
0.55515,00:03,1,-93
0.606209,00:04,1,-98
1.00488,00:02,2,-40
1.05408,00:03,2,-93
1.10538,00:04,2,-98
1.50535,00:02,3,-40
1.55684,00:03,3,-93
1.60542,00:04,3,-98
2.00559,00:02,4,-41
2.05514,00:03,4,-93
2.1047,00:04,4,-98
2.50539,00:02,5,-42
2.55549,00:03,5,-93
2.60561,00:04,5,-98
3.0056,00:02,6,-43
3.05514,00:03,6,-93
3.10622,00:04,6,-98
3.50661,00:02,7,-44
3.55685,00:03,7,-93
3.60642,00:04,7,-98
4.00816,00:02,8,-45
4.05648,00:03,8,-92
4.10626,00:04,8,-98
4.5047,00:02,9,-46
4.55657,00:03,9,-92
4.60386,00:04,9,-98
5.00682,00:02,10,-47
5.05389,00:03,10,-92
5.10444,00:04,10,-98
5.50687,00:02,11,-47
5.55427,00:03,11,-92
5.60515,00:04,11,-98
6.00722,00:02,12,-48
6.05587,00:03,12,-92
6.10568,00:04,12,-98
6.50628,00:02,13,-49
6.55433,00:03,13,-92
6.60657,00:04,13,-98
7.00643,00:02,14,-49
7.05653,00:03,14,-92
7.10731,00:04,14,-98
7.50426,00:02,15,-50
7.55471,00:03,15,-92
7.60703,00:04,15,-98
8.00545,00:02,16,-51
8.0566,00:03,16,-92
8.10534,00:04,16,-98
8.50679,00:02,17,-51
8.55759,00:03,17,-92
8.60431,00:04,17,-98
9.0071,00:02,18,-52
9.05514,00:03,18,-92
9.10641,00:04,18,-98
9.50487,00:02,19,-52
9.55605,00:03,19,-91
9.60532,00:04,19,-97
10.0062,00:02,20,-53
10.0564,00:03,20,-91
10.105,00:04,20,-97
10.5056,00:02,21,-54
10.5545,00:03,21,-91
10.6067,00:04,21,-97
11.0055,00:02,22,-54
11.0535,00:03,22,-91
11.1041,00:04,22,-97
11.5061,00:02,23,-54
11.5537,00:03,23,-91
11.606,00:04,23,-97
12.0057,00:02,24,-55
12.0571,00:03,24,-91
12.1059,00:04,24,-97
12.5066,00:02,25,-55
12.5559,00:03,25,-91
12.6052,00:04,25,-97
13.0059,00:02,26,-56
13.056,00:03,26,-91
13.1057,00:04,26,-97
13.5057,00:02,27,-56
13.5559,00:03,27,-91
13.6054,00:04,27,-97
14.0063,00:02,28,-56
14.0556,00:03,28,-91
14.1065,00:04,28,-97
14.5078,00:02,29,-57
14.5553,00:03,29,-90
14.6072,00:04,29,-97
15.0049,00:02,30,-57
15.055,00:03,30,-90
15.1054,00:04,30,-97
15.507,00:02,31,-57
15.5569,00:03,31,-90
15.606,00:04,31,-97
16.0054,00:02,32,-58
16.0559,00:03,32,-90
16.1061,00:04,32,-97
16.5056,00:02,33,-58
16.5567,00:03,33,-90
16.6078,00:04,33,-97
17.0064,00:02,34,-58
17.0541,00:03,34,-90
17.1069,00:04,34,-97
17.5073,00:02,35,-58
17.5548,00:03,35,-90
17.606,00:04,35,-97
18.0057,00:02,36,-59
18.0554,00:03,36,-90
18.1067,00:04,36,-97
18.507,00:02,37,-59
18.5566,00:03,37,-90
18.6063,00:04,37,-97
19.0068,00:02,38,-59
19.056,00:03,38,-90
19.1073,00:04,38,-97
19.5062,00:02,39,-59
19.5564,00:03,39,-89
19.6054,00:04,39,-97
20.0047,00:02,40,-60
20.0554,00:03,40,-89
20.1053,00:04,40,-97
20.5059,00:02,41,-60
20.5536,00:03,41,-89
20.6059,00:04,41,-97
21.0055,00:02,42,-60
21.055,00:03,42,-89
21.1055,00:04,42,-97
21.5058,00:02,43,-60
21.5547,00:03,43,-89
21.608,00:04,43,-97
22.0071,00:02,44,-60
22.0544,00:03,44,-89
22.1053,00:04,44,-97
22.5075,00:02,45,-61
22.5568,00:03,45,-89
22.6052,00:04,45,-97
23.0078,00:02,46,-61
23.0537,00:03,46,-89
23.1053,00:04,46,-96
23.5054,00:02,47,-61
23.5543,00:03,47,-89
23.6073,00:04,47,-96
24.0064,00:02,48,-61
24.0551,00:03,48,-89
24.1048,00:04,48,-96
24.5044,00:02,49,-61
24.5552,00:03,49,-88
24.6048,00:04,49,-96
25.007,00:02,50,-62
25.0557,00:03,50,-88
25.1063,00:04,50,-96
25.5066,00:02,51,-62
25.555,00:03,51,-88
25.6063,00:04,51,-96
26.0049,00:02,52,-62
26.0559,00:03,52,-88
26.1068,00:04,52,-96
26.5067,00:02,53,-63
26.5547,00:03,53,-88
26.6079,00:04,53,-96
27.0056,00:02,54,-63
27.0558,00:03,54,-88
27.1055,00:04,54,-96
27.5052,00:02,55,-63
27.5555,00:03,55,-88
27.6067,00:04,55,-96
28.0065,00:02,56,-64
28.0556,00:03,56,-88
28.1048,00:04,56,-96
28.5075,00:02,57,-64
28.556,00:03,57,-88
28.6056,00:04,57,-96
29.0063,00:02,58,-64
29.0559,00:03,58,-87
29.1068,00:04,58,-96
29.5068,00:02,59,-64
29.5558,00:03,59,-87
29.6074,00:04,59,-96
30.0047,00:02,60,-65
30.0554,00:03,60,-87
30.1049,00:04,60,-96
30.5049,00:02,61,-65
30.5573,00:03,61,-87
30.606,00:04,61,-96
31.0066,00:02,62,-65
31.0559,00:03,62,-87
31.1059,00:04,62,-96
31.5075,00:02,63,-66
31.5551,00:03,63,-87
31.6059,00:04,63,-96
32.0074,00:02,64,-66
32.0548,00:03,64,-87
32.1064,00:04,64,-96
32.505,00:02,65,-66
32.5539,00:03,65,-87
32.6056,00:04,65,-96
33.0076,00:02,66,-66
33.0564,00:03,66,-87
33.1062,00:04,66,-96
33.5058,00:02,67,-67
33.5546,00:03,67,-86
33.6049,00:04,67,-96
34.0065,00:02,68,-67
34.0559,00:03,68,-86
34.1051,00:04,68,-96
34.5079,00:02,69,-67
34.5555,00:03,69,-86
34.6057,00:04,69,-96
35.0073,00:02,70,-67
35.0562,00:03,70,-86
35.1078,00:04,70,-96
35.5075,00:02,71,-68
35.5563,00:03,71,-86
35.6064,00:04,71,-96
36.0083,00:02,72,-68
36.0559,00:03,72,-86
36.1046,00:04,72,-96
36.5082,00:02,73,-68
36.5545,00:03,73,-86
36.6071,00:04,73,-96
37.0071,00:02,74,-68
37.0554,00:03,74,-86
37.108,00:04,74,-96
37.5058,00:02,75,-69
37.5541,00:03,75,-85
37.6059,00:04,75,-96
38.0058,00:02,76,-69
38.054,00:03,76,-85
38.1074,00:04,76,-96
38.5072,00:02,77,-69
38.5547,00:03,77,-85
38.6072,00:04,77,-96
39.0051,00:02,78,-69
39.0562,00:03,78,-85
39.1061,00:04,78,-96
39.5074,00:02,79,-69
39.5548,00:03,79,-85
39.6077,00:04,79,-96
40.0076,00:02,80,-70
40.0559,00:03,80,-85
40.1063,00:04,80,-96
40.5072,00:02,81,-70
40.5537,00:03,81,-85
40.6066,00:04,81,-96
41.0083,00:02,82,-70
41.056,00:03,82,-84
41.1072,00:04,82,-96
41.5053,00:02,83,-70
41.5553,00:03,83,-84
41.6072,00:04,83,-96
42.0076,00:02,84,-70
42.0545,00:03,84,-84
42.1079,00:04,84,-96
42.5065,00:02,85,-71
42.5556,00:03,85,-84
42.6054,00:04,85,-96
43.0054,00:02,86,-71
43.0542,00:03,86,-84
43.1053,00:04,86,-96
43.507,00:02,87,-71
43.5547,00:03,87,-84
43.6076,00:04,87,-96
44.0056,00:02,88,-71
44.055,00:03,88,-84
44.1066,00:04,88,-96
44.507,00:02,89,-71
44.5543,00:03,89,-84
44.6062,00:04,89,-96
45.0066,00:02,90,-71
45.0552,00:03,90,-84
45.1051,00:04,90,-96
45.5067,00:02,91,-71
45.5561,00:03,91,-84
45.6071,00:04,91,-96
46.0069,00:02,92,-71
46.0542,00:03,92,-84
46.1061,00:04,92,-97
46.508,00:02,93,-71
46.554,00:03,93,-84
46.6057,00:04,93,-97
47.0064,00:02,94,-71
47.0546,00:03,94,-84
47.1065,00:04,94,-97
47.507,00:02,95,-71
47.5551,00:03,95,-84
47.6057,00:04,95,-97
48.0069,00:02,96,-71
48.0564,00:03,96,-84
48.1065,00:04,96,-97
48.507,00:02,97,-71
48.5531,00:03,97,-84
48.6076,00:04,97,-97
49.0071,00:02,98,-71
49.0568,00:03,98,-84
49.1056,00:04,98,-97
49.5077,00:02,99,-71
49.5562,00:03,99,-84
49.6048,00:04,99,-97
50.0073,00:02,100,-71
50.0558,00:03,100,-84
50.1072,00:04,100,-97
50.5054,00:02,101,-71
50.556,00:03,101,-84
50.6056,00:04,101,-97
51.0079,00:02,102,-72
51.055,00:03,102,-83
51.1061,00:04,102,-97
51.507,00:02,103,-72
51.5548,00:03,103,-83
51.606,00:04,103,-97
52.008,00:02,104,-72
52.0545,00:03,104,-83
52.1057,00:04,104,-97
52.506,00:02,105,-72
52.5558,00:03,105,-83
52.606,00:04,105,-97
53.0064,00:02,106,-72
53.0543,00:03,106,-83
53.1082,00:04,106,-97
53.5082,00:02,107,-73
53.5559,00:03,107,-83
53.6053,00:04,107,-97
54.007,00:02,108,-73
54.0542,00:03,108,-83
54.107,00:04,108,-97
54.5066,00:02,109,-73
54.5548,00:03,109,-82
54.6054,00:04,109,-97
55.0061,00:02,110,-73
55.0552,00:03,110,-82
55.1075,00:04,110,-97
55.5068,00:02,111,-73
55.5547,00:03,111,-82
55.6081,00:04,111,-97
56.0061,00:02,112,-73
56.0546,00:03,112,-82
56.1076,00:04,112,-97
56.5085,00:02,113,-74
56.556,00:03,113,-82
56.6065,00:04,113,-97
57.0068,00:02,114,-74
57.0551,00:03,114,-82
57.1052,00:04,114,-97
57.5064,00:02,115,-74
57.5536,00:03,115,-82
57.607,00:04,115,-97
58.0069,00:02,116,-74
58.0557,00:03,116,-81
58.1086,00:04,116,-97
58.5061,00:02,117,-74
58.5535,00:03,117,-81
58.6077,00:04,117,-97
59.0082,00:02,118,-74
59.0538,00:03,118,-81
59.1065,00:04,118,-97
59.5063,00:02,119,-75
59.5546,00:03,119,-81
59.606,00:04,119,-97
60.0065,00:02,120,-75
60.0542,00:03,120,-81
60.1048,00:04,120,-97
60.5065,00:02,121,-75
60.5549,00:03,121,-81
60.606,00:04,121,-97
61.0082,00:02,122,-75
61.0551,00:03,122,-80
61.1059,00:04,122,-97
61.5083,00:02,123,-75
61.5565,00:03,123,-80
61.6054,00:04,123,-97
62.0066,00:02,124,-75
62.0549,00:03,124,-80
62.1079,00:04,124,-97
62.5061,00:02,125,-75
62.5549,00:03,125,-80
62.6054,00:04,125,-97
63.0049,00:02,126,-76
63.0565,00:03,126,-80
63.1053,00:04,126,-97
63.5061,00:02,127,-76
63.5543,00:03,127,-79
63.6075,00:04,127,-97
64.007,00:02,128,-76
64.0566,00:03,128,-79
64.1078,00:04,128,-97
64.5075,00:02,129,-76
64.5556,00:03,129,-79
64.6079,00:04,129,-97
65.0059,00:02,130,-76
65.0555,00:03,130,-79
65.1068,00:04,130,-97
65.5052,00:02,131,-76
65.5561,00:03,131,-79
65.6059,00:04,131,-97
66.0072,00:02,132,-77
66.0559,00:03,132,-79
66.1056,00:04,132,-97
66.5047,00:02,133,-77
66.5545,00:03,133,-78
66.6069,00:04,133,-97
67.0051,00:02,134,-77
67.0535,00:03,134,-78
67.1059,00:04,134,-97
67.5064,00:02,135,-77
67.5546,00:03,135,-78
67.6071,00:04,135,-97
68.0081,00:02,136,-77
68.0543,00:03,136,-78
68.1052,00:04,136,-97
68.5078,00:02,137,-77
68.554,00:03,137,-78
68.6068,00:04,137,-97
69.0081,00:02,138,-77
69.0549,00:03,138,-78
69.1064,00:04,138,-97
69.5071,00:02,139,-77
69.5546,00:03,139,-78
69.6076,00:04,139,-97
70.0065,00:02,140,-77
70.0544,00:03,140,-78
70.1084,00:04,140,-97
70.5074,00:02,141,-77
70.5546,00:03,141,-78
70.6064,00:04,141,-97
71.0078,00:02,142,-77
71.0547,00:03,142,-77
71.1065,00:04,142,-97
71.5083,00:02,143,-77
71.5548,00:03,143,-77
71.605,00:04,143,-96
72.0067,00:02,144,-77
72.0544,00:03,144,-77
72.1059,00:04,144,-96
72.5066,00:02,145,-77
72.5544,00:03,145,-77
72.6069,00:04,145,-96
73.0078,00:02,146,-77
73.0548,00:03,146,-77
73.106,00:04,146,-96
73.5082,00:02,147,-77
73.5544,00:03,147,-77
73.6067,00:04,147,-96
74.0062,00:02,148,-78
74.0547,00:03,148,-77
74.1059,00:04,148,-96
74.5066,00:02,149,-78
74.5547,00:03,149,-77
74.6065,00:04,149,-96
75.007,00:02,150,-78
75.0547,00:03,150,-77
75.1063,00:04,150,-96
75.5071,00:02,151,-78
75.5542,00:03,151,-76
75.6056,00:04,151,-96
76.0065,00:02,152,-78
76.0561,00:03,152,-76
76.1066,00:04,152,-96
76.5066,00:02,153,-78
76.5564,00:03,153,-76
76.6063,00:04,153,-96
77.0061,00:02,154,-78
77.0547,00:03,154,-76
77.1083,00:04,154,-96
77.5064,00:02,155,-78
77.5532,00:03,155,-75
77.6057,00:04,155,-96
78.0086,00:02,156,-79
78.0541,00:03,156,-75
78.1069,00:04,156,-96
78.5058,00:02,157,-79
78.5545,00:03,157,-75
78.6075,00:04,157,-96
79.007,00:02,158,-79
79.054,00:03,158,-75
79.1067,00:04,158,-96
79.5084,00:02,159,-79
79.5538,00:03,159,-75
79.607,00:04,159,-96
80.0056,00:02,160,-79
80.0537,00:03,160,-74
80.1085,00:04,160,-96
80.5066,00:02,161,-79
80.5547,00:03,161,-74
80.6055,00:04,161,-96
81.0069,00:02,162,-79
81.0542,00:03,162,-74
81.1066,00:04,162,-96
81.5071,00:02,163,-79
81.5542,00:03,163,-74
81.607,00:04,163,-96
82.0076,00:02,164,-80
82.0548,00:03,164,-73
82.1069,00:04,164,-96
82.5076,00:02,165,-80
82.553,00:03,165,-73
82.6074,00:04,165,-96
83.0071,00:02,166,-80
83.055,00:03,166,-73
83.108,00:04,166,-96
83.5073,00:02,167,-80
83.5561,00:03,167,-73
83.6069,00:04,167,-96
84.0071,00:02,168,-80
84.055,00:03,168,-72
84.1065,00:04,168,-96
84.5077,00:02,169,-80
84.5544,00:03,169,-72
84.6065,00:04,169,-96
85.0064,00:02,170,-80
85.0529,00:03,170,-72
85.1072,00:04,170,-96
85.5075,00:02,171,-80
85.5538,00:03,171,-71
85.6048,00:04,171,-96
86.0083,00:02,172,-81
86.0546,00:03,172,-71
86.1074,00:04,172,-96
86.5077,00:02,173,-81
86.5544,00:03,173,-71
86.6074,00:04,173,-96
87.0065,00:02,174,-81
87.0545,00:03,174,-71
87.108,00:04,174,-96
87.5075,00:02,175,-81
87.5559,00:03,175,-70
87.608,00:04,175,-96
88.0079,00:02,176,-81
88.0557,00:03,176,-70
88.105,00:04,176,-96
88.5064,00:02,177,-81
88.5549,00:03,177,-70
88.6076,00:04,177,-96
89.0057,00:02,178,-81
89.0559,00:03,178,-69
89.1057,00:04,178,-96
89.5048,00:02,179,-81
89.555,00:03,179,-69
89.608,00:04,179,-96
90.0072,00:02,180,-81
90.0535,00:03,180,-69
90.1071,00:04,180,-96
90.5076,00:02,181,-82
90.5546,00:03,181,-68
90.6068,00:04,181,-96
91.0073,00:02,182,-82
91.0534,00:03,182,-68
91.1076,00:04,182,-96
91.5073,00:02,183,-82
91.5537,00:03,183,-68
91.6054,00:04,183,-96
92.0058,00:02,184,-82
92.0541,00:03,184,-68
92.1083,00:04,184,-96
92.5055,00:02,185,-82
92.5544,00:03,185,-68
92.6068,00:04,185,-97
93.0077,00:02,186,-82
93.0556,00:03,186,-67
93.1065,00:04,186,-97
93.5055,00:02,187,-82
93.5554,00:03,187,-67
93.6079,00:04,187,-97
94.0067,00:02,188,-82
94.0552,00:03,188,-67
94.1074,00:04,188,-97
94.5078,00:02,189,-82
94.5555,00:03,189,-67
94.6079,00:04,189,-97
95.008,00:02,190,-82
95.056,00:03,190,-66
95.1077,00:04,190,-97
95.5065,00:02,191,-83
95.5558,00:03,191,-66
95.6059,00:04,191,-97
96.006,00:02,192,-83
96.0527,00:03,192,-66
96.1075,00:04,192,-97
96.5054,00:02,193,-83
96.5552,00:03,193,-66
96.6069,00:04,193,-97
97.0073,00:02,194,-83
97.0532,00:03,194,-65
97.1063,00:04,194,-97
97.5077,00:02,195,-83
97.5554,00:03,195,-65
97.6064,00:04,195,-97
98.007,00:02,196,-83
98.0527,00:03,196,-65
98.1073,00:04,196,-97
98.5055,00:02,197,-83
98.5531,00:03,197,-65
98.6056,00:04,197,-97
99.0065,00:02,198,-83
99.0546,00:03,198,-64
99.1061,00:04,198,-97
99.508,00:02,199,-83
99.5559,00:03,199,-64
99.606,00:04,199,-97
100.005,00:02,200,-83
100.055,00:03,200,-64
100.108,00:04,200,-97
100.506,00:02,201,-84
100.554,00:03,201,-64
100.606,00:04,201,-97
101.008,00:02,202,-84
101.053,00:03,202,-63
101.106,00:04,202,-97
101.508,00:02,203,-84
101.554,00:03,203,-63
101.608,00:04,203,-97
102.007,00:02,204,-84
102.054,00:03,204,-63
102.106,00:04,204,-97
102.507,00:02,205,-84
102.555,00:03,205,-62
102.607,00:04,205,-97
103.008,00:02,206,-84
103.054,00:03,206,-62
103.107,00:04,206,-97
103.507,00:02,207,-84
103.556,00:03,207,-62
103.608,00:04,207,-97
104.006,00:02,208,-84
104.054,00:03,208,-61
104.106,00:04,208,-97
104.507,00:02,209,-84
104.553,00:03,209,-61
104.607,00:04,209,-97
105.006,00:02,210,-84
105.053,00:03,210,-60
105.107,00:04,210,-97
105.507,00:02,211,-84
105.553,00:03,211,-60
105.606,00:04,211,-97
106.007,00:02,212,-85
106.056,00:03,212,-59
106.107,00:04,212,-97
106.507,00:02,213,-85
106.555,00:03,213,-59
106.606,00:04,213,-97
107.007,00:02,214,-85
107.056,00:03,214,-58
107.107,00:04,214,-97
107.507,00:02,215,-85
107.555,00:03,215,-58
107.607,00:04,215,-97
108.006,00:02,216,-85
108.054,00:03,216,-57
108.106,00:04,216,-98
108.506,00:02,217,-85
108.553,00:03,217,-57
108.605,00:04,217,-98
109.005,00:02,218,-85
109.054,00:03,218,-56
109.107,00:04,218,-98
109.505,00:02,219,-85
109.555,00:03,219,-56
109.607,00:04,219,-98
110.007,00:02,220,-85
110.053,00:03,220,-55
110.106,00:04,220,-98
110.506,00:02,221,-85
110.555,00:03,221,-54
110.606,00:04,221,-98
111.009,00:02,222,-85
111.055,00:03,222,-53
111.107,00:04,222,-98
111.507,00:02,223,-86
111.554,00:03,223,-53
111.608,00:04,223,-98
112.008,00:02,224,-86
112.053,00:03,224,-51
112.107,00:04,224,-98
112.509,00:02,225,-86
112.554,00:03,225,-50
112.606,00:04,225,-98
113.008,00:02,226,-86
113.055,00:03,226,-49
113.106,00:04,226,-98
113.507,00:02,227,-86
113.554,00:03,227,-48
113.607,00:04,227,-98
114.006,00:02,228,-86
114.053,00:03,228,-47
114.106,00:04,228,-98
114.507,00:02,229,-86
114.555,00:03,229,-46
114.608,00:04,229,-98
115.007,00:02,230,-86
115.056,00:03,230,-46
115.106,00:04,230,-98
115.507,00:02,231,-86
115.554,00:03,231,-46
115.607,00:04,231,-98
116.007,00:02,232,-86
116.055,00:03,232,-47
116.108,00:04,232,-98
116.508,00:02,233,-86
116.555,00:03,233,-48
116.609,00:04,233,-98
117.006,00:02,234,-86
117.055,00:03,234,-49
117.107,00:04,234,-98
117.508,00:02,235,-86
117.554,00:03,235,-50
117.606,00:04,235,-98
118.007,00:02,236,-86
118.055,00:03,236,-51
118.107,00:04,236,-98
118.506,00:02,237,-86
118.555,00:03,237,-52
118.607,00:04,237,-98
119.008,00:02,238,-86
119.055,00:03,238,-52
119.107,00:04,238,-98
119.507,00:02,239,-86
119.555,00:03,239,-53
119.607,00:04,239,-98
120.006,00:02,240,-86
120.055,00:03,240,-54
120.108,00:04,240,-98
120.506,00:02,241,-86
120.555,00:03,241,-55
120.608,00:04,241,-98
121.006,00:02,242,-86
121.054,00:03,242,-55
121.108,00:04,242,-97
121.506,00:02,243,-86
121.554,00:03,243,-56
121.608,00:04,243,-97
122.008,00:02,244,-86
122.053,00:03,244,-57
122.107,00:04,244,-97
122.506,00:02,245,-86
122.554,00:03,245,-57
122.606,00:04,245,-97
123.007,00:02,246,-86
123.054,00:03,246,-58
123.108,00:04,246,-97
123.508,00:02,247,-86
123.555,00:03,247,-58
123.606,00:04,247,-97
124.006,00:02,248,-86
124.053,00:03,248,-59
124.106,00:04,248,-97
124.508,00:02,249,-86
124.552,00:03,249,-59
124.608,00:04,249,-97
125.007,00:02,250,-86
125.055,00:03,250,-60
125.106,00:04,250,-97
125.506,00:02,251,-86
125.556,00:03,251,-60
125.608,00:04,251,-97
126.007,00:02,252,-86
126.054,00:03,252,-61
126.107,00:04,252,-97
126.505,00:02,253,-86
126.555,00:03,253,-61
126.607,00:04,253,-97
127.008,00:02,254,-86
127.054,00:03,254,-61
127.108,00:04,254,-97
127.508,00:02,255,-86
127.554,00:03,255,-62
127.606,00:04,255,-97
128.009,00:02,256,-86
128.055,00:03,256,-62
128.107,00:04,256,-97
128.507,00:02,257,-86
128.554,00:03,257,-63
128.607,00:04,257,-96
129.008,00:02,258,-86
129.055,00:03,258,-63
129.108,00:04,258,-96
129.507,00:02,259,-86
129.553,00:03,259,-63
129.606,00:04,259,-96
130.008,00:02,260,-86
130.053,00:03,260,-63
130.108,00:04,260,-96
130.507,00:02,261,-86
130.555,00:03,261,-64
130.607,00:04,261,-96
131.007,00:02,262,-86
131.055,00:03,262,-64
131.107,00:04,262,-96
131.506,00:02,263,-86
131.555,00:03,263,-64
131.608,00:04,263,-96
132.007,00:02,264,-86
132.053,00:03,264,-65
132.107,00:04,264,-96
132.506,00:02,265,-86
132.555,00:03,265,-65
132.608,00:04,265,-96
133.008,00:02,266,-86
133.053,00:03,266,-65
133.107,00:04,266,-96
133.509,00:02,267,-86
133.553,00:03,267,-65
133.608,00:04,267,-96
134.006,00:02,268,-86
134.054,00:03,268,-66
134.108,00:04,268,-96
134.506,00:02,269,-86
134.553,00:03,269,-66
134.606,00:04,269,-96
135.008,00:02,270,-86
135.054,00:03,270,-66
135.108,00:04,270,-96
135.508,00:02,271,-87
135.553,00:03,271,-66
135.609,00:04,271,-95
136.006,00:02,272,-87
136.052,00:03,272,-67
136.108,00:04,272,-95
136.508,00:02,273,-87
136.554,00:03,273,-67
136.607,00:04,273,-95
137.007,00:02,274,-87
137.054,00:03,274,-67
137.108,00:04,274,-95
137.507,00:02,275,-87
137.553,00:03,275,-67
137.607,00:04,275,-95
138.006,00:02,276,-87
138.054,00:03,276,-68
138.107,00:04,276,-95
138.507,00:02,277,-87
138.553,00:03,277,-68
138.609,00:04,277,-95
139.007,00:02,278,-87
139.055,00:03,278,-68
139.107,00:04,278,-95
139.507,00:02,279,-87
139.552,00:03,279,-68
139.608,00:04,279,-95
140.007,00:02,280,-87
140.054,00:03,280,-68
140.107,00:04,280,-95
140.505,00:02,281,-87
140.554,00:03,281,-69
140.607,00:04,281,-95
141.005,00:02,282,-87
141.053,00:03,282,-69
141.106,00:04,282,-95
141.507,00:02,283,-87
141.556,00:03,283,-69
141.608,00:04,283,-95
142.008,00:02,284,-87
142.052,00:03,284,-70
142.107,00:04,284,-94
142.508,00:02,285,-87
142.552,00:03,285,-70
142.607,00:04,285,-94
143.007,00:02,286,-87
143.055,00:03,286,-70
143.107,00:04,286,-94
143.509,00:02,287,-87
143.555,00:03,287,-71
143.607,00:04,287,-94
144.006,00:02,288,-87
144.053,00:03,288,-71
144.109,00:04,288,-94
144.507,00:02,289,-87
144.554,00:03,289,-71
144.608,00:04,289,-94
145.007,00:02,290,-87
145.054,00:03,290,-71
145.108,00:04,290,-94
145.507,00:02,291,-87
145.553,00:03,291,-72
145.606,00:04,291,-94
146.008,00:02,292,-87
146.054,00:03,292,-72
146.108,00:04,292,-94
146.508,00:02,293,-87
146.554,00:03,293,-72
146.606,00:04,293,-94
147.007,00:02,294,-87
147.054,00:03,294,-73
147.107,00:04,294,-94
147.506,00:02,295,-87
147.552,00:03,295,-73
147.607,00:04,295,-94
148.006,00:02,296,-87
148.053,00:03,296,-73
148.109,00:04,296,-94
148.506,00:02,297,-87
148.555,00:03,297,-73
148.607,00:04,297,-93
149.007,00:02,298,-87
149.053,00:03,298,-74
149.108,00:04,298,-93
149.508,00:02,299,-87
149.554,00:03,299,-74
149.607,00:04,299,-93
150.007,00:02,300,-87
150.053,00:03,300,-74
150.108,00:04,300,-93
150.507,00:02,301,-87
150.553,00:03,301,-74
150.608,00:04,301,-93
151.007,00:02,302,-87
151.052,00:03,302,-75
151.107,00:04,302,-93
151.507,00:02,303,-87
151.554,00:03,303,-75
151.609,00:04,303,-93
152.008,00:02,304,-87
152.053,00:03,304,-75
152.109,00:04,304,-93
152.508,00:02,305,-87
152.554,00:03,305,-75
152.607,00:04,305,-93
153.008,00:02,306,-87
153.053,00:03,306,-75
153.108,00:04,306,-93
153.508,00:02,307,-87
153.553,00:03,307,-76
153.607,00:04,307,-93
154.009,00:02,308,-87
154.055,00:03,308,-76
154.107,00:04,308,-93
154.508,00:02,309,-87
154.554,00:03,309,-76
154.608,00:04,309,-93
155.008,00:02,310,-87
155.054,00:03,310,-76
155.108,00:04,310,-92
155.508,00:02,311,-87
155.554,00:03,311,-77
155.608,00:04,311,-92
156.007,00:02,312,-87
156.054,00:03,312,-77
156.108,00:04,312,-92
156.508,00:02,313,-87
156.554,00:03,313,-77
156.608,00:04,313,-92
157.007,00:02,314,-87
157.054,00:03,314,-77
157.109,00:04,314,-92
157.509,00:02,315,-87
157.554,00:03,315,-77
157.606,00:04,315,-92
158.007,00:02,316,-88
158.054,00:03,316,-78
158.107,00:04,316,-92
158.507,00:02,317,-88
158.552,00:03,317,-78
158.606,00:04,317,-92
159.009,00:02,318,-88
159.053,00:03,318,-78
159.108,00:04,318,-92
159.509,00:02,319,-88
159.555,00:03,319,-78
159.608,00:04,319,-92
160.006,00:02,320,-88
160.055,00:03,320,-78
160.108,00:04,320,-92
160.506,00:02,321,-88
160.554,00:03,321,-79
160.607,00:04,321,-92
161.008,00:02,322,-88
161.052,00:03,322,-79
161.108,00:04,322,-91
161.506,00:02,323,-88
161.552,00:03,323,-79
161.609,00:04,323,-91
162.007,00:02,324,-88
162.054,00:03,324,-79
162.109,00:04,324,-91
162.506,00:02,325,-88
162.552,00:03,325,-79
162.609,00:04,325,-91
163.008,00:02,326,-88
163.054,00:03,326,-80
163.108,00:04,326,-91
163.509,00:02,327,-88
163.553,00:03,327,-80
163.608,00:04,327,-91
164.007,00:02,328,-88
164.053,00:03,328,-80
164.106,00:04,328,-91
164.507,00:02,329,-88
164.554,00:03,329,-80
164.607,00:04,329,-91
165.008,00:02,330,-88
165.053,00:03,330,-80
165.106,00:04,330,-91
165.508,00:02,331,-88
165.553,00:03,331,-80
165.608,00:04,331,-91
166.008,00:02,332,-88
166.054,00:03,332,-81
166.107,00:04,332,-91
166.508,00:02,333,-88
166.554,00:03,333,-81
166.607,00:04,333,-91
167.007,00:02,334,-88
167.055,00:03,334,-81
167.11,00:04,334,-90
167.509,00:02,335,-88
167.553,00:03,335,-81
167.608,00:04,335,-90
168.007,00:02,336,-88
168.054,00:03,336,-81
168.109,00:04,336,-90
168.506,00:02,337,-88
168.553,00:03,337,-81
168.606,00:04,337,-90
169.008,00:02,338,-88
169.053,00:03,338,-82
169.109,00:04,338,-90
169.508,00:02,339,-88
169.553,00:03,339,-82
169.609,00:04,339,-90
170.008,00:02,340,-88
170.054,00:03,340,-82
170.108,00:04,340,-90
170.507,00:02,341,-88
170.554,00:03,341,-82
170.608,00:04,341,-90
171.006,00:02,342,-88
171.054,00:03,342,-82
171.108,00:04,342,-90
171.509,00:02,343,-88
171.554,00:03,343,-82
171.608,00:04,343,-90
172.007,00:02,344,-88
172.053,00:03,344,-82
172.108,00:04,344,-90
172.507,00:02,345,-88
172.553,00:03,345,-83
172.607,00:04,345,-90
173.007,00:02,346,-88
173.055,00:03,346,-83
173.109,00:04,346,-89
173.51,00:02,347,-89
173.553,00:03,347,-83
173.606,00:04,347,-89
174.008,00:02,348,-89
174.055,00:03,348,-83
174.11,00:04,348,-89
174.506,00:02,349,-89
174.553,00:03,349,-83
174.608,00:04,349,-89
175.007,00:02,350,-89
175.055,00:03,350,-83
175.109,00:04,350,-89
175.508,00:02,351,-89
175.554,00:03,351,-83
175.607,00:04,351,-89
176.009,00:02,352,-89
176.053,00:03,352,-84
176.109,00:04,352,-89
176.507,00:02,353,-89
176.553,00:03,353,-84
176.609,00:04,353,-89
177.007,00:02,354,-89
177.054,00:03,354,-84
177.107,00:04,354,-89
177.508,00:02,355,-89
177.553,00:03,355,-84
177.608,00:04,355,-89
178.008,00:02,356,-89
178.053,00:03,356,-84
178.107,00:04,356,-89
178.505,00:02,357,-89
178.553,00:03,357,-84
178.61,00:04,357,-89
179.007,00:02,358,-89
179.055,00:03,358,-84
179.108,00:04,358,-89
179.508,00:02,359,-89
179.552,00:03,359,-85
179.608,00:04,359,-88
180.008,00:02,360,-89
180.053,00:03,360,-85
180.11,00:04,360,-88
180.506,00:02,361,-89
180.554,00:03,361,-85
180.608,00:04,361,-88
181.008,00:02,362,-89
181.054,00:03,362,-85
181.107,00:04,362,-88
181.509,00:02,363,-89
181.555,00:03,363,-85
181.609,00:04,363,-88
182.007,00:02,364,-89
182.053,00:03,364,-85
182.109,00:04,364,-88
182.506,00:02,365,-89
182.554,00:03,365,-85
182.608,00:04,365,-88
183.008,00:02,366,-89
183.053,00:03,366,-86
183.108,00:04,366,-88
183.509,00:02,367,-89
183.554,00:03,367,-86
183.608,00:04,367,-88
184.009,00:02,368,-89
184.054,00:03,368,-86
184.109,00:04,368,-88
184.507,00:02,369,-89
184.554,00:03,369,-86
184.608,00:04,369,-88
185.008,00:02,370,-89
185.054,00:03,370,-86
185.109,00:04,370,-88
185.51,00:02,371,-89
185.554,00:03,371,-86
185.608,00:04,371,-88
186.007,00:02,372,-89
186.054,00:03,372,-86
186.107,00:04,372,-87
186.506,00:02,373,-89
186.553,00:03,373,-86
186.606,00:04,373,-87
187.009,00:02,374,-90
187.052,00:03,374,-87
187.107,00:04,374,-87
187.508,00:02,375,-90
187.552,00:03,375,-87
187.607,00:04,375,-87
188.009,00:02,376,-90
188.052,00:03,376,-87
188.109,00:04,376,-87
188.509,00:02,377,-90
188.553,00:03,377,-87
188.609,00:04,377,-87
189.006,00:02,378,-90
189.053,00:03,378,-87
189.108,00:04,378,-87
189.508,00:02,379,-90
189.552,00:03,379,-87
189.607,00:04,379,-87
190.006,00:02,380,-90
190.053,00:03,380,-87
190.109,00:04,380,-87
190.507,00:02,381,-90
190.552,00:03,381,-87
190.606,00:04,381,-87
191.009,00:02,382,-90
191.053,00:03,382,-87
191.108,00:04,382,-87
191.506,00:02,383,-90
191.555,00:03,383,-88
191.609,00:04,383,-87
192.007,00:02,384,-90
192.053,00:03,384,-88
192.108,00:04,384,-86
192.507,00:02,385,-90
192.555,00:03,385,-88
192.608,00:04,385,-86
193.007,00:02,386,-90
193.053,00:03,386,-88
193.11,00:04,386,-86
193.507,00:02,387,-90
193.552,00:03,387,-88
193.608,00:04,387,-86
194.007,00:02,388,-90
194.052,00:03,388,-88
194.108,00:04,388,-86
194.508,00:02,389,-90
194.554,00:03,389,-88
194.609,00:04,389,-86
195.009,00:02,390,-90
195.053,00:03,390,-88
195.109,00:04,390,-86
195.507,00:02,391,-90
195.552,00:03,391,-88
195.608,00:04,391,-85
196.008,00:02,392,-90
196.053,00:03,392,-88
196.109,00:04,392,-85
196.507,00:02,393,-90
196.555,00:03,393,-88
196.609,00:04,393,-85
197.009,00:02,394,-89
197.052,00:03,394,-88
197.109,00:04,394,-85
197.507,00:02,395,-89
197.553,00:03,395,-88
197.609,00:04,395,-85
198.008,00:02,396,-89
198.052,00:03,396,-88
198.107,00:04,396,-85
198.508,00:02,397,-89
198.552,00:03,397,-88
198.608,00:04,397,-85
199.008,00:02,398,-89
199.053,00:03,398,-88
199.108,00:04,398,-84
199.508,00:02,399,-89
199.553,00:03,399,-88
199.609,00:04,399,-84
200.008,00:02,400,-89
200.053,00:03,400,-88
200.11,00:04,400,-84
200.506,00:02,401,-89
200.553,00:03,401,-88
200.608,00:04,401,-84
201.009,00:02,402,-89
201.052,00:03,402,-88
201.106,00:04,402,-84
201.509,00:02,403,-89
201.554,00:03,403,-88
201.608,00:04,403,-84
202.007,00:02,404,-89
202.054,00:03,404,-88
202.109,00:04,404,-84
202.507,00:02,405,-89
202.553,00:03,405,-88
202.609,00:04,405,-83
203.008,00:02,406,-89
203.052,00:03,406,-88
203.108,00:04,406,-83
203.508,00:02,407,-89
203.553,00:03,407,-88
203.608,00:04,407,-83
204.009,00:02,408,-89
204.054,00:03,408,-88
204.108,00:04,408,-83
204.507,00:02,409,-89
204.553,00:03,409,-88
204.609,00:04,409,-83
205.006,00:02,410,-89
205.052,00:03,410,-88
205.109,00:04,410,-83
205.508,00:02,411,-89
205.552,00:03,411,-88
205.609,00:04,411,-83
206.008,00:02,412,-88
206.052,00:03,412,-88
206.109,00:04,412,-82
206.507,00:02,413,-88
206.553,00:03,413,-88
206.608,00:04,413,-82
207.009,00:02,414,-88
207.052,00:03,414,-88
207.108,00:04,414,-82
207.507,00:02,415,-88
207.553,00:03,415,-88
207.609,00:04,415,-82
208.009,00:02,416,-88
208.052,00:03,416,-88
208.108,00:04,416,-82
208.506,00:02,417,-88
208.553,00:03,417,-88
208.608,00:04,417,-82
209.008,00:02,418,-88
209.053,00:03,418,-88
209.107,00:04,418,-81
209.509,00:02,419,-88
209.553,00:03,419,-88
209.609,00:04,419,-81
210.006,00:02,420,-88
210.054,00:03,420,-88
210.109,00:04,420,-81
210.508,00:02,421,-88
210.555,00:03,421,-88
210.608,00:04,421,-81
211.006,00:02,422,-88
211.052,00:03,422,-88
211.109,00:04,422,-81
211.508,00:02,423,-88
211.551,00:03,423,-89
211.606,00:04,423,-81
212.008,00:02,424,-88
212.054,00:03,424,-89
212.11,00:04,424,-81
212.509,00:02,425,-88
212.554,00:03,425,-89
212.609,00:04,425,-80
213.007,00:02,426,-88
213.053,00:03,426,-89
213.107,00:04,426,-80
213.508,00:02,427,-88
213.554,00:03,427,-89
213.608,00:04,427,-80
214.009,00:02,428,-88
214.054,00:03,428,-89
214.107,00:04,428,-80
214.508,00:02,429,-88
214.552,00:03,429,-89
214.609,00:04,429,-80
215.008,00:02,430,-88
215.053,00:03,430,-89
215.108,00:04,430,-80
215.507,00:02,431,-87
215.553,00:03,431,-89
215.609,00:04,431,-79
216.006,00:02,432,-87
216.051,00:03,432,-89
216.106,00:04,432,-79
216.508,00:02,433,-87
216.552,00:03,433,-89
216.608,00:04,433,-79
217.007,00:02,434,-87
217.054,00:03,434,-89
217.109,00:04,434,-79
217.507,00:02,435,-87
217.554,00:03,435,-89
217.608,00:04,435,-79
218.006,00:02,436,-87
218.052,00:03,436,-89
218.108,00:04,436,-79
218.507,00:02,437,-87
218.552,00:03,437,-89
218.608,00:04,437,-78
219.009,00:02,438,-87
219.052,00:03,438,-89
219.109,00:04,438,-78
219.507,00:02,439,-87
219.552,00:03,439,-89
219.607,00:04,439,-78
220.007,00:02,440,-87
220.053,00:03,440,-89
220.108,00:04,440,-78
220.507,00:02,441,-87
220.553,00:03,441,-89
220.608,00:04,441,-78
221.006,00:02,442,-87
221.052,00:03,442,-89
221.108,00:04,442,-78
221.506,00:02,443,-87
221.552,00:03,443,-89
221.608,00:04,443,-78
222.008,00:02,444,-87
222.054,00:03,444,-89
222.108,00:04,444,-77
222.508,00:02,445,-87
222.551,00:03,445,-89
222.609,00:04,445,-77
223.009,00:02,446,-87
223.052,00:03,446,-89
223.109,00:04,446,-77
223.506,00:02,447,-87
223.554,00:03,447,-89
223.608,00:04,447,-77
224.008,00:02,448,-87
224.053,00:03,448,-89
224.109,00:04,448,-77
224.507,00:02,449,-86
224.554,00:03,449,-89
224.609,00:04,449,-77
225.008,00:02,450,-86
225.053,00:03,450,-89
225.108,00:04,450,-76
225.508,00:02,451,-86
225.552,00:03,451,-89
225.609,00:04,451,-76
226.009,00:02,452,-86
226.054,00:03,452,-89
226.107,00:04,452,-76
226.508,00:02,453,-86
226.552,00:03,453,-90
226.608,00:04,453,-76
227.007,00:02,454,-86
227.054,00:03,454,-90
227.109,00:04,454,-76
227.507,00:02,455,-86
227.554,00:03,455,-90
227.608,00:04,455,-76
228.008,00:02,456,-86
228.053,00:03,456,-90
228.107,00:04,456,-76
228.508,00:02,457,-86
228.553,00:03,457,-90
228.609,00:04,457,-75
229.008,00:02,458,-86
229.054,00:03,458,-90
229.108,00:04,458,-75
229.508,00:02,459,-86
229.554,00:03,459,-90
229.608,00:04,459,-75
230.009,00:02,460,-86
230.052,00:03,460,-90
230.109,00:04,460,-75
230.508,00:02,461,-86
230.552,00:03,461,-90
230.609,00:04,461,-75
231.007,00:02,462,-86
231.052,00:03,462,-90
231.108,00:04,462,-75
231.509,00:02,463,-86
231.553,00:03,463,-90
231.609,00:04,463,-75
232.008,00:02,464,-86
232.052,00:03,464,-90
232.109,00:04,464,-74
232.507,00:02,465,-86
232.555,00:03,465,-90
232.607,00:04,465,-74
233.007,00:02,466,-86
233.053,00:03,466,-90
233.109,00:04,466,-74
233.508,00:02,467,-85
233.553,00:03,467,-90
233.608,00:04,467,-74
234.008,00:02,468,-85
234.054,00:03,468,-90
234.108,00:04,468,-74
234.507,00:02,469,-85
234.553,00:03,469,-90
234.609,00:04,469,-74
235.008,00:02,470,-85
235.052,00:03,470,-90
235.108,00:04,470,-74
235.507,00:02,471,-85
235.552,00:03,471,-90
235.609,00:04,471,-74
236.008,00:02,472,-85
236.052,00:03,472,-90
236.108,00:04,472,-73
236.506,00:02,473,-85
236.553,00:03,473,-91
236.609,00:04,473,-73
237.007,00:02,474,-86
237.054,00:03,474,-91
237.109,00:04,474,-73
237.509,00:02,475,-86
237.554,00:03,475,-91
237.609,00:04,475,-72
238.007,00:02,476,-86
238.053,00:03,476,-91
238.11,00:04,476,-72
238.509,00:02,477,-86
238.553,00:03,477,-91
238.608,00:04,477,-72
239.007,00:02,478,-86
239.053,00:03,478,-91
239.108,00:04,478,-71
239.508,00:02,479,-86
239.552,00:03,479,-91
239.609,00:04,479,-71
240.008,00:02,480,-86
240.052,00:03,480,-91
240.109,00:04,480,-71
240.507,00:02,481,-86
240.553,00:03,481,-91
240.609,00:04,481,-71
241.008,00:02,482,-86
241.053,00:03,482,-91
241.11,00:04,482,-71
241.507,00:02,483,-86
241.554,00:03,483,-91
241.611,00:04,483,-70
242.007,00:02,484,-86
242.052,00:03,484,-92
242.108,00:04,484,-70
242.508,00:02,485,-86
242.551,00:03,485,-92
242.61,00:04,485,-70
243.008,00:02,486,-86
243.052,00:03,486,-92
243.108,00:04,486,-70
243.507,00:02,487,-86
243.553,00:03,487,-92
243.609,00:04,487,-70
244.008,00:02,488,-86
244.053,00:03,488,-92
244.109,00:04,488,-69
244.509,00:02,489,-86
244.552,00:03,489,-92
244.609,00:04,489,-69
245.008,00:02,490,-86
245.052,00:03,490,-92
245.109,00:04,490,-69
245.507,00:02,491,-86
245.552,00:03,491,-92
245.607,00:04,491,-68
246.008,00:02,492,-87
246.053,00:03,492,-92
246.108,00:04,492,-68
246.507,00:02,493,-87
246.551,00:03,493,-92
246.609,00:04,493,-68
247.009,00:02,494,-87
247.051,00:03,494,-92
247.109,00:04,494,-68
247.509,00:02,495,-87
247.554,00:03,495,-92
247.61,00:04,495,-68
248.008,00:02,496,-87
248.054,00:03,496,-93
248.108,00:04,496,-67
248.507,00:02,497,-87
248.551,00:03,497,-93
248.608,00:04,497,-67
249.008,00:02,498,-87
249.053,00:03,498,-93
249.109,00:04,498,-67
249.508,00:02,499,-87
249.552,00:03,499,-93
249.609,00:04,499,-66
250.007,00:02,500,-87
250.053,00:03,500,-93
250.109,00:04,500,-66
250.509,00:02,501,-87
250.553,00:03,501,-93
250.61,00:04,501,-66
251.01,00:02,502,-87
251.052,00:03,502,-93
251.108,00:04,502,-66
251.509,00:02,503,-87
251.554,00:03,503,-93
251.61,00:04,503,-65
252.009,00:02,504,-87
252.052,00:03,504,-93
252.108,00:04,504,-65
252.506,00:02,505,-87
252.552,00:03,505,-93
252.608,00:04,505,-65
253.009,00:02,506,-87
253.053,00:03,506,-93
253.109,00:04,506,-64
253.507,00:02,507,-87
253.551,00:03,507,-93
253.609,00:04,507,-64
254.009,00:02,508,-88
254.052,00:03,508,-93
254.111,00:04,508,-63
254.508,00:02,509,-88
254.554,00:03,509,-94
254.607,00:04,509,-63
255.009,00:02,510,-88
255.054,00:03,510,-94
255.107,00:04,510,-62
255.508,00:02,511,-88
255.552,00:03,511,-94
255.61,00:04,511,-62
256.008,00:02,512,-88
256.051,00:03,512,-94
256.107,00:04,512,-62
256.507,00:02,513,-88
256.553,00:03,513,-94
256.61,00:04,513,-61
257.008,00:02,514,-88
257.052,00:03,514,-94
257.108,00:04,514,-60
257.508,00:02,515,-88
257.551,00:03,515,-94
257.609,00:04,515,-60
258.008,00:02,516,-88
258.052,00:03,516,-94
258.11,00:04,516,-59
258.509,00:02,517,-88
258.551,00:03,517,-94
258.609,00:04,517,-59
259.01,00:02,518,-88
259.053,00:03,518,-94
259.11,00:04,518,-58
259.508,00:02,519,-88
259.553,00:03,519,-94
259.609,00:04,519,-57
260.008,00:02,520,-88
260.051,00:03,520,-94
260.11,00:04,520,-57
260.507,00:02,521,-88
260.553,00:03,521,-94
260.608,00:04,521,-56
261.009,00:02,522,-88
261.053,00:03,522,-94
261.108,00:04,522,-55
261.508,00:02,523,-88
261.551,00:03,523,-95
261.607,00:04,523,-54
262.01,00:02,524,-88
262.054,00:03,524,-95
262.108,00:04,524,-53
262.507,00:02,525,-88
262.553,00:03,525,-95
262.61,00:04,525,-52
263.009,00:02,526,-88
263.053,00:03,526,-95
263.109,00:04,526,-50
263.509,00:02,527,-88
263.552,00:03,527,-95
263.609,00:04,527,-50
264.009,00:02,528,-88
264.052,00:03,528,-95
264.109,00:04,528,-49
264.508,00:02,529,-88
264.553,00:03,529,-95
264.608,00:04,529,-50
265.009,00:02,530,-88
265.053,00:03,530,-95
265.109,00:04,530,-50
265.509,00:02,531,-88
265.551,00:03,531,-95
265.61,00:04,531,-51
266.006,00:02,532,-88
266.052,00:03,532,-95
266.108,00:04,532,-52
266.509,00:02,533,-88
266.552,00:03,533,-95
266.609,00:04,533,-53
267.007,00:02,534,-88
267.054,00:03,534,-95
267.11,00:04,534,-54
267.508,00:02,535,-88
267.551,00:03,535,-95
267.608,00:04,535,-55
268.008,00:02,536,-88
268.052,00:03,536,-95
268.109,00:04,536,-55
268.508,00:02,537,-87
268.551,00:03,537,-95
268.608,00:04,537,-56
269.008,00:02,538,-87
269.053,00:03,538,-95
269.108,00:04,538,-57
269.508,00:02,539,-87
269.552,00:03,539,-95
269.608,00:04,539,-58
270.009,00:02,540,-87
270.052,00:03,540,-95
270.108,00:04,540,-59
270.508,00:02,541,-87
270.552,00:03,541,-95
270.61,00:04,541,-59
271.008,00:02,542,-87
271.052,00:03,542,-95
271.109,00:04,542,-60
271.507,00:02,543,-87
271.551,00:03,543,-95
271.609,00:04,543,-60
272.009,00:02,544,-87
272.052,00:03,544,-95
272.111,00:04,544,-61
272.507,00:02,545,-87
272.552,00:03,545,-95
272.609,00:04,545,-61
273.008,00:02,546,-87
273.053,00:03,546,-95
273.108,00:04,546,-62
273.506,00:02,547,-87
273.553,00:03,547,-95
273.61,00:04,547,-62
274.008,00:02,548,-87
274.052,00:03,548,-95
274.109,00:04,548,-63
274.509,00:02,549,-87
274.553,00:03,549,-95
274.61,00:04,549,-63
275.008,00:02,550,-87
275.053,00:03,550,-95
275.11,00:04,550,-64
275.509,00:02,551,-86
275.554,00:03,551,-95
275.609,00:04,551,-64
276.01,00:02,552,-86
276.052,00:03,552,-95
276.108,00:04,552,-65
276.507,00:02,553,-86
276.553,00:03,553,-94
276.608,00:04,553,-65
277.008,00:02,554,-86
277.051,00:03,554,-94
277.108,00:04,554,-65
277.508,00:02,555,-86
277.552,00:03,555,-94
277.61,00:04,555,-65
278.008,00:02,556,-86
278.052,00:03,556,-94
278.109,00:04,556,-66
278.509,00:02,557,-86
278.553,00:03,557,-94
278.609,00:04,557,-66
279.008,00:02,558,-86
279.052,00:03,558,-94
279.108,00:04,558,-66
279.507,00:02,559,-86
279.553,00:03,559,-94
279.609,00:04,559,-67
280.009,00:02,560,-86
280.051,00:03,560,-94
280.108,00:04,560,-67
280.506,00:02,561,-86
280.553,00:03,561,-94
280.609,00:04,561,-67
281.008,00:02,562,-86
281.052,00:03,562,-94
281.11,00:04,562,-67
281.507,00:02,563,-86
281.552,00:03,563,-94
281.611,00:04,563,-68
282.007,00:02,564,-85
282.053,00:03,564,-94
282.108,00:04,564,-68
282.509,00:02,565,-85
282.551,00:03,565,-94
282.608,00:04,565,-68
283.007,00:02,566,-85
283.052,00:03,566,-94
283.109,00:04,566,-68
283.509,00:02,567,-85
283.553,00:03,567,-94
283.607,00:04,567,-69
284.007,00:02,568,-85
284.051,00:03,568,-94
284.108,00:04,568,-69
284.509,00:02,569,-85
284.551,00:03,569,-94
284.609,00:04,569,-69
285.008,00:02,570,-85
285.052,00:03,570,-94
285.11,00:04,570,-69
285.508,00:02,571,-85
285.553,00:03,571,-94
285.61,00:04,571,-70
286.006,00:02,572,-85
286.053,00:03,572,-94
286.111,00:04,572,-70
286.508,00:02,573,-85
286.553,00:03,573,-93
286.608,00:04,573,-70
287.007,00:02,574,-85
287.054,00:03,574,-93
287.11,00:04,574,-70
287.509,00:02,575,-84
287.551,00:03,575,-93
287.608,00:04,575,-70
288.008,00:02,576,-84
288.051,00:03,576,-93
288.11,00:04,576,-71
288.51,00:02,577,-84
288.553,00:03,577,-93
288.609,00:04,577,-71
289.009,00:02,578,-84
289.05,00:03,578,-93
289.11,00:04,578,-71
289.508,00:02,579,-84
289.552,00:03,579,-93
289.609,00:04,579,-71
290.007,00:02,580,-84
290.053,00:03,580,-93
290.108,00:04,580,-71
290.508,00:02,581,-84
290.552,00:03,581,-93
290.607,00:04,581,-72
291.008,00:02,582,-84
291.053,00:03,582,-93
291.11,00:04,582,-72
291.508,00:02,583,-84
291.553,00:03,583,-93
291.609,00:04,583,-72
292.008,00:02,584,-84
292.052,00:03,584,-93
292.109,00:04,584,-73
292.507,00:02,585,-84
292.554,00:03,585,-93
292.609,00:04,585,-73
293.01,00:02,586,-84
293.053,00:03,586,-93
293.11,00:04,586,-73
293.51,00:02,587,-83
293.553,00:03,587,-93
293.609,00:04,587,-74
294.008,00:02,588,-83
294.052,00:03,588,-93
294.108,00:04,588,-74
294.51,00:02,589,-83
294.553,00:03,589,-93
294.609,00:04,589,-74
295.007,00:02,590,-83
295.052,00:03,590,-93
295.109,00:04,590,-75
295.509,00:02,591,-83
295.553,00:03,591,-93
295.611,00:04,591,-75
296.007,00:02,592,-83
296.053,00:03,592,-93
296.108,00:04,592,-75
296.51,00:02,593,-83
296.552,00:03,593,-93
296.609,00:04,593,-76
297.008,00:02,594,-83
297.053,00:03,594,-93
297.11,00:04,594,-76
297.508,00:02,595,-83
297.552,00:03,595,-93
297.608,00:04,595,-76
298.008,00:02,596,-83
298.052,00:03,596,-93
298.11,00:04,596,-76
298.508,00:02,597,-82
298.552,00:03,597,-93
298.608,00:04,597,-76
299.008,00:02,598,-82
299.051,00:03,598,-93
299.109,00:04,598,-77
299.509,00:02,599,-82
299.55,00:03,599,-93
299.61,00:04,599,-77
300.009,00:02,600,-82
300.052,00:03,600,-93
300.11,00:04,600,-77
300.507,00:02,601,-82
300.552,00:03,601,-94
300.61,00:04,601,-77
301.007,00:02,602,-82
301.053,00:03,602,-94
301.108,00:04,602,-77
301.51,00:02,603,-82
301.551,00:03,603,-94
301.609,00:04,603,-77
302.008,00:02,604,-82
302.052,00:03,604,-94
302.109,00:04,604,-78
302.509,00:02,605,-82
302.554,00:03,605,-94
302.611,00:04,605,-78
303.009,00:02,606,-82
303.053,00:03,606,-94
303.111,00:04,606,-78
303.51,00:02,607,-82
303.55,00:03,607,-94
303.608,00:04,607,-78
304.009,00:02,608,-82
304.052,00:03,608,-94
304.109,00:04,608,-78
304.507,00:02,609,-82
304.552,00:03,609,-94
304.611,00:04,609,-78
305.01,00:02,610,-82
305.051,00:03,610,-94
305.109,00:04,610,-79
305.509,00:02,611,-82
305.552,00:03,611,-94
305.61,00:04,611,-79
306.008,00:02,612,-82
306.052,00:03,612,-94
306.11,00:04,612,-79
306.507,00:02,613,-82
306.551,00:03,613,-94
306.61,00:04,613,-79
307.007,00:02,614,-82
307.05,00:03,614,-94
307.11,00:04,614,-79
307.509,00:02,615,-81
307.552,00:03,615,-94
307.61,00:04,615,-80
308.01,00:02,616,-81
308.051,00:03,616,-94
308.111,00:04,616,-80
308.508,00:02,617,-81
308.552,00:03,617,-94
308.608,00:04,617,-80
309.009,00:02,618,-81
309.052,00:03,618,-94
309.11,00:04,618,-80
309.508,00:02,619,-81
309.552,00:03,619,-94
309.609,00:04,619,-81
310.008,00:02,620,-81
310.052,00:03,620,-94
310.108,00:04,620,-81
310.507,00:02,621,-81
310.553,00:03,621,-94
310.611,00:04,621,-81
311.01,00:02,622,-81
311.052,00:03,622,-94
311.108,00:04,622,-81
311.509,00:02,623,-81
311.552,00:03,623,-94
311.611,00:04,623,-81
312.008,00:02,624,-81
312.052,00:03,624,-94
312.11,00:04,624,-82
312.508,00:02,625,-81
312.552,00:03,625,-94
312.61,00:04,625,-82
313.01,00:02,626,-80
313.053,00:03,626,-94
313.109,00:04,626,-82
313.509,00:02,627,-80
313.553,00:03,627,-94
313.611,00:04,627,-82
314.009,00:02,628,-80
314.052,00:03,628,-94
314.109,00:04,628,-82
314.508,00:02,629,-80
314.552,00:03,629,-94
314.61,00:04,629,-82
315.009,00:02,630,-80
315.052,00:03,630,-94
315.108,00:04,630,-82
315.509,00:02,631,-80
315.551,00:03,631,-94
315.61,00:04,631,-83
316.007,00:02,632,-80
316.052,00:03,632,-94
316.11,00:04,632,-83
316.506,00:02,633,-80
316.552,00:03,633,-94
316.608,00:04,633,-83
317.008,00:02,634,-79
317.052,00:03,634,-94
317.109,00:04,634,-83
317.51,00:02,635,-79
317.552,00:03,635,-94
317.609,00:04,635,-83
318.007,00:02,636,-79
318.053,00:03,636,-94
318.11,00:04,636,-83
318.51,00:02,637,-79
318.553,00:03,637,-93
318.61,00:04,637,-83
319.007,00:02,638,-79
319.053,00:03,638,-93
319.11,00:04,638,-83
319.51,00:02,639,-80
319.552,00:03,639,-93
319.61,00:04,639,-83
320.007,00:02,640,-80
320.053,00:03,640,-93
320.11,00:04,640,-83
320.509,00:02,641,-80
320.551,00:03,641,-93
320.609,00:04,641,-82
321.006,00:02,642,-80
321.051,00:03,642,-93
321.108,00:04,642,-82
321.509,00:02,643,-80
321.552,00:03,643,-93
321.609,00:04,643,-82
322.009,00:02,644,-80
322.051,00:03,644,-93
322.11,00:04,644,-82
322.51,00:02,645,-80
322.552,00:03,645,-93
322.61,00:04,645,-82
323.008,00:02,646,-80
323.05,00:03,646,-93
323.109,00:04,646,-82
323.507,00:02,647,-80
323.552,00:03,647,-93
323.61,00:04,647,-82
324.007,00:02,648,-80
324.051,00:03,648,-93
324.112,00:04,648,-81
324.508,00:02,649,-80
324.552,00:03,649,-93
324.61,00:04,649,-81
325.009,00:02,650,-80
325.051,00:03,650,-93
325.109,00:04,650,-81
325.508,00:02,651,-80
325.551,00:03,651,-93
325.609,00:04,651,-82
326.009,00:02,652,-80
326.053,00:03,652,-93
326.109,00:04,652,-82
326.507,00:02,653,-80
326.55,00:03,653,-93
326.609,00:04,653,-82
327.009,00:02,654,-80
327.051,00:03,654,-93
327.11,00:04,654,-82
327.507,00:02,655,-80
327.552,00:03,655,-93
327.611,00:04,655,-82
328.008,00:02,656,-79
328.052,00:03,656,-93
328.109,00:04,656,-82
328.509,00:02,657,-79
328.552,00:03,657,-93
328.612,00:04,657,-83
329.009,00:02,658,-79
329.052,00:03,658,-93
329.108,00:04,658,-83
329.507,00:02,659,-79
329.552,00:03,659,-93
329.609,00:04,659,-83
330.006,00:02,660,-79
330.053,00:03,660,-93
330.109,00:04,660,-83
330.508,00:02,661,-79
330.552,00:03,661,-92
330.609,00:04,661,-83
331.01,00:02,662,-79
331.051,00:03,662,-92
331.11,00:04,662,-83
331.508,00:02,663,-79
331.55,00:03,663,-92
331.61,00:04,663,-83
332.007,00:02,664,-79
332.05,00:03,664,-92
332.108,00:04,664,-84
332.508,00:02,665,-78
332.552,00:03,665,-92
332.609,00:04,665,-84
333.008,00:02,666,-78
333.052,00:03,666,-92
333.109,00:04,666,-84
333.509,00:02,667,-78
333.551,00:03,667,-92
333.61,00:04,667,-84
334.009,00:02,668,-78
334.051,00:03,668,-92
334.108,00:04,668,-84
334.508,00:02,669,-78
334.551,00:03,669,-92
334.612,00:04,669,-84
335.007,00:02,670,-78
335.05,00:03,670,-92
335.11,00:04,670,-84
335.507,00:02,671,-78
335.551,00:03,671,-92
335.611,00:04,671,-85
336.009,00:02,672,-78
336.05,00:03,672,-92
336.109,00:04,672,-85
336.508,00:02,673,-77
336.55,00:03,673,-92
336.608,00:04,673,-85
337.008,00:02,674,-77
337.052,00:03,674,-92
337.11,00:04,674,-85
337.507,00:02,675,-77
337.551,00:03,675,-92
337.61,00:04,675,-85
338.009,00:02,676,-77
338.051,00:03,676,-92
338.109,00:04,676,-85
338.509,00:02,677,-77
338.551,00:03,677,-92
338.609,00:04,677,-85
339.007,00:02,678,-77
339.053,00:03,678,-92
339.111,00:04,678,-86
339.508,00:02,679,-77
339.552,00:03,679,-92
339.609,00:04,679,-86
340.009,00:02,680,-77
340.052,00:03,680,-91
340.112,00:04,680,-86
340.507,00:02,681,-76
340.552,00:03,681,-91
340.61,00:04,681,-86
341.009,00:02,682,-76
341.052,00:03,682,-91
341.11,00:04,682,-86
341.509,00:02,683,-77
341.55,00:03,683,-91
341.611,00:04,683,-86
342.009,00:02,684,-77
342.053,00:03,684,-91
342.111,00:04,684,-86
342.509,00:02,685,-77
342.551,00:03,685,-91
342.61,00:04,685,-86
343.009,00:02,686,-77
343.05,00:03,686,-91
343.109,00:04,686,-86
343.507,00:02,687,-77
343.552,00:03,687,-91
343.612,00:04,687,-86
344.008,00:02,688,-77
344.052,00:03,688,-91
344.109,00:04,688,-86
344.509,00:02,689,-77
344.553,00:03,689,-91
344.61,00:04,689,-85
345.009,00:02,690,-77
345.051,00:03,690,-91
345.109,00:04,690,-85
345.508,00:02,691,-77
345.552,00:03,691,-91
345.61,00:04,691,-85
346.01,00:02,692,-77
346.053,00:03,692,-91
346.109,00:04,692,-85
346.509,00:02,693,-77
346.55,00:03,693,-91
346.611,00:04,693,-85
347.009,00:02,694,-77
347.052,00:03,694,-90
347.11,00:04,694,-85
347.509,00:02,695,-77
347.553,00:03,695,-90
347.61,00:04,695,-85
348.007,00:02,696,-77
348.052,00:03,696,-90
348.111,00:04,696,-85
348.509,00:02,697,-78
348.552,00:03,697,-90
348.61,00:04,697,-85
349.008,00:02,698,-78
349.051,00:03,698,-90
349.11,00:04,698,-85
349.507,00:02,699,-78
349.551,00:03,699,-90
349.61,00:04,699,-85
350.009,00:02,700,-78
350.051,00:03,700,-90
350.11,00:04,700,-85
350.509,00:02,701,-78
350.551,00:03,701,-90
350.611,00:04,701,-85
351.009,00:02,702,-78
351.053,00:03,702,-90
351.109,00:04,702,-85
351.507,00:02,703,-78
351.55,00:03,703,-90
351.609,00:04,703,-85
352.008,00:02,704,-78
352.052,00:03,704,-90
352.11,00:04,704,-85
352.51,00:02,705,-78
352.552,00:03,705,-90
352.611,00:04,705,-85
353.007,00:02,706,-78
353.052,00:03,706,-89
353.109,00:04,706,-85
353.508,00:02,707,-78
353.551,00:03,707,-89
353.609,00:04,707,-85
354.01,00:02,708,-78
354.05,00:03,708,-89
354.111,00:04,708,-84
354.509,00:02,709,-78
354.552,00:03,709,-89
354.61,00:04,709,-84
355.009,00:02,710,-78
355.05,00:03,710,-89
355.111,00:04,710,-84
355.509,00:02,711,-79
355.552,00:03,711,-89
355.611,00:04,711,-84
356.008,00:02,712,-79
356.051,00:03,712,-89
356.109,00:04,712,-84
356.509,00:02,713,-79
356.551,00:03,713,-89
356.61,00:04,713,-84
357.008,00:02,714,-79
357.052,00:03,714,-89
357.111,00:04,714,-84
357.509,00:02,715,-79
357.551,00:03,715,-89
357.609,00:04,715,-84
358.008,00:02,716,-79
358.05,00:03,716,-89
358.112,00:04,716,-84
358.508,00:02,717,-79
358.55,00:03,717,-89
358.61,00:04,717,-84
359.008,00:02,718,-79
359.051,00:03,718,-89
359.109,00:04,718,-84
359.509,00:02,719,-79
359.55,00:03,719,-88
359.609,00:04,719,-84
360.008,00:02,720,-79
360.05,00:03,720,-88
360.11,00:04,720,-84
360.507,00:02,721,-79
360.552,00:03,721,-88
360.609,00:04,721,-84
361.008,00:02,722,-79
361.051,00:03,722,-88
361.111,00:04,722,-84
361.508,00:02,723,-80
361.551,00:03,723,-88
361.608,00:04,723,-84
362.009,00:02,724,-80
362.05,00:03,724,-88
362.109,00:04,724,-84
362.507,00:02,725,-80
362.553,00:03,725,-88
362.61,00:04,725,-84
363.007,00:02,726,-80
363.051,00:03,726,-88
363.11,00:04,726,-84
363.509,00:02,727,-80
363.551,00:03,727,-88
363.611,00:04,727,-84
364.008,00:02,728,-80
364.053,00:03,728,-88
364.111,00:04,728,-84
364.508,00:02,729,-80
364.551,00:03,729,-88
364.611,00:04,729,-84
365.007,00:02,730,-80
365.05,00:03,730,-88
365.11,00:04,730,-84
365.509,00:02,731,-80
365.552,00:03,731,-88
365.61,00:04,731,-84
366.01,00:02,732,-80
366.052,00:03,732,-87
366.11,00:04,732,-84
366.509,00:02,733,-80
366.553,00:03,733,-87
366.611,00:04,733,-84
367.01,00:02,734,-80
367.051,00:03,734,-87
367.111,00:04,734,-84
367.509,00:02,735,-80
367.551,00:03,735,-87
367.61,00:04,735,-84
368.008,00:02,736,-81
368.053,00:03,736,-87
368.111,00:04,736,-84
368.508,00:02,737,-81
368.552,00:03,737,-87
368.609,00:04,737,-84
369.008,00:02,738,-81
369.051,00:03,738,-87
369.11,00:04,738,-84
369.509,00:02,739,-81
369.551,00:03,739,-87
369.609,00:04,739,-84
370.008,00:02,740,-81
370.051,00:03,740,-87
370.11,00:04,740,-84
370.508,00:02,741,-81
370.55,00:03,741,-87
370.609,00:04,741,-84
371.008,00:02,742,-81
371.052,00:03,742,-87
371.109,00:04,742,-84
371.508,00:02,743,-81
371.551,00:03,743,-87
371.611,00:04,743,-84
372.008,00:02,744,-81
372.051,00:03,744,-86
372.109,00:04,744,-84
372.51,00:02,745,-81
372.551,00:03,745,-86
372.612,00:04,745,-84
373.009,00:02,746,-81
373.05,00:03,746,-86
373.109,00:04,746,-84
373.509,00:02,747,-81
373.55,00:03,747,-86
373.609,00:04,747,-84
374.008,00:02,748,-82
374.051,00:03,748,-86
374.11,00:04,748,-84
374.508,00:02,749,-82
374.552,00:03,749,-86
374.61,00:04,749,-84
375.008,00:02,750,-82
375.05,00:03,750,-86
375.11,00:04,750,-84
375.509,00:02,751,-82
375.551,00:03,751,-86
375.61,00:04,751,-84
376.008,00:02,752,-82
376.052,00:03,752,-86
376.11,00:04,752,-84
376.507,00:02,753,-82
376.55,00:03,753,-86
376.61,00:04,753,-84
377.01,00:02,754,-82
377.052,00:03,754,-86
377.11,00:04,754,-84
377.508,00:02,755,-82
377.55,00:03,755,-86
377.61,00:04,755,-84
378.009,00:02,756,-82
378.053,00:03,756,-86
378.11,00:04,756,-84
378.509,00:02,757,-82
378.552,00:03,757,-85
378.61,00:04,757,-84
379.009,00:02,758,-82
379.052,00:03,758,-85
379.111,00:04,758,-84
379.51,00:02,759,-82
379.55,00:03,759,-85
379.609,00:04,759,-84
380.01,00:02,760,-82
380.05,00:03,760,-85
380.111,00:04,760,-85
380.509,00:02,761,-83
380.552,00:03,761,-85
380.61,00:04,761,-85
381.008,00:02,762,-83
381.051,00:03,762,-85
381.111,00:04,762,-85
381.508,00:02,763,-83
381.552,00:03,763,-85
381.611,00:04,763,-85
382.009,00:02,764,-83
382.053,00:03,764,-85
382.11,00:04,764,-85
382.508,00:02,765,-83
382.552,00:03,765,-85
382.61,00:04,765,-85
383.009,00:02,766,-83
383.049,00:03,766,-85
383.112,00:04,766,-85
383.509,00:02,767,-83
383.552,00:03,767,-85
383.612,00:04,767,-85
384.008,00:02,768,-83
384.05,00:03,768,-85
384.109,00:04,768,-85
384.507,00:02,769,-83
384.552,00:03,769,-85
384.611,00:04,769,-85
385.01,00:02,770,-83
385.051,00:03,770,-84
385.11,00:04,770,-85
385.509,00:02,771,-83
385.55,00:03,771,-84
385.611,00:04,771,-85
386.009,00:02,772,-83
386.051,00:03,772,-84
386.109,00:04,772,-85
386.508,00:02,773,-83
386.552,00:03,773,-84
386.611,00:04,773,-85
387.01,00:02,774,-84
387.05,00:03,774,-84
387.111,00:04,774,-85
387.51,00:02,775,-84
387.551,00:03,775,-84
387.61,00:04,775,-85
388.008,00:02,776,-84
388.051,00:03,776,-84
388.109,00:04,776,-85
388.509,00:02,777,-84
388.55,00:03,777,-84
388.61,00:04,777,-85
389.008,00:02,778,-84
389.052,00:03,778,-84
389.112,00:04,778,-85
389.509,00:02,779,-84
389.551,00:03,779,-84
389.612,00:04,779,-85
390.008,00:02,780,-84
390.051,00:03,780,-84
390.112,00:04,780,-86
390.51,00:02,781,-84
390.551,00:03,781,-84
390.61,00:04,781,-86
391.01,00:02,782,-84
391.053,00:03,782,-84
391.111,00:04,782,-86
391.51,00:02,783,-84
391.551,00:03,783,-84
391.61,00:04,783,-86
392.009,00:02,784,-84
392.05,00:03,784,-84
392.11,00:04,784,-86
392.509,00:02,785,-84
392.551,00:03,785,-83
392.61,00:04,785,-86
393.01,00:02,786,-84
393.052,00:03,786,-83
393.109,00:04,786,-86
393.508,00:02,787,-85
393.552,00:03,787,-83
393.611,00:04,787,-86
394.01,00:02,788,-85
394.05,00:03,788,-84
394.111,00:04,788,-86
394.508,00:02,789,-85
394.55,00:03,789,-84
394.611,00:04,789,-86
395.008,00:02,790,-85
395.051,00:03,790,-84
395.109,00:04,790,-85
395.509,00:02,791,-85
395.551,00:03,791,-84
395.611,00:04,791,-85
396.009,00:02,792,-85
396.049,00:03,792,-84
396.109,00:04,792,-85
396.509,00:02,793,-85
396.551,00:03,793,-84
396.611,00:04,793,-85
397.007,00:02,794,-85
397.051,00:03,794,-84
397.112,00:04,794,-85
397.508,00:02,795,-85
397.55,00:03,795,-84
397.611,00:04,795,-85
398.009,00:02,796,-85
398.052,00:03,796,-85
398.11,00:04,796,-85
398.508,00:02,797,-85
398.552,00:03,797,-85
398.612,00:04,797,-85
399.009,00:02,798,-85
399.051,00:03,798,-85
399.11,00:04,798,-84
399.509,00:02,799,-85
399.55,00:03,799,-85
399.61,00:04,799,-84
400.008,00:02,800,-85
400.052,00:03,800,-85
400.111,00:04,800,-84
400.507,00:02,801,-85
400.551,00:03,801,-85
400.611,00:04,801,-84
401.009,00:02,802,-85
401.05,00:03,802,-85
401.11,00:04,802,-84
401.509,00:02,803,-85
401.552,00:03,803,-85
401.611,00:04,803,-84
402.009,00:02,804,-86
402.051,00:03,804,-85
402.11,00:04,804,-84
402.511,00:02,805,-86
402.55,00:03,805,-86
402.609,00:04,805,-83
403.01,00:02,806,-86
403.052,00:03,806,-86
403.111,00:04,806,-83
403.509,00:02,807,-86
403.549,00:03,807,-86
403.61,00:04,807,-83
404.009,00:02,808,-86
404.05,00:03,808,-86
404.11,00:04,808,-83
404.509,00:02,809,-86
404.549,00:03,809,-86
404.612,00:04,809,-83
405.008,00:02,810,-86
405.052,00:03,810,-86
405.111,00:04,810,-83
405.511,00:02,811,-86
405.553,00:03,811,-86
405.61,00:04,811,-83
406.007,00:02,812,-86
406.05,00:03,812,-86
406.111,00:04,812,-82
406.51,00:02,813,-86
406.551,00:03,813,-87
406.612,00:04,813,-82
407.009,00:02,814,-86
407.05,00:03,814,-87
407.11,00:04,814,-82
407.51,00:02,815,-86
407.552,00:03,815,-87
407.611,00:04,815,-82
408.009,00:02,816,-86
408.051,00:03,816,-87
408.111,00:04,816,-82
408.509,00:02,817,-86
408.552,00:03,817,-87
408.61,00:04,817,-82
409.007,00:02,818,-86
409.053,00:03,818,-86
409.109,00:04,818,-83
409.509,00:02,819,-86
409.552,00:03,819,-86
409.609,00:04,819,-83
410.009,00:02,820,-86
410.05,00:03,820,-86
410.111,00:04,820,-83
410.509,00:02,821,-86
410.551,00:03,821,-86
410.609,00:04,821,-83
411.009,00:02,822,-87
411.052,00:03,822,-86
411.112,00:04,822,-83
411.509,00:02,823,-87
411.549,00:03,823,-86
411.609,00:04,823,-83
412.009,00:02,824,-87
412.052,00:03,824,-86
412.11,00:04,824,-83
412.51,00:02,825,-87
412.552,00:03,825,-87
412.61,00:04,825,-83
413.009,00:02,826,-87
413.052,00:03,826,-87
413.11,00:04,826,-83
413.508,00:02,827,-87
413.549,00:03,827,-87
413.612,00:04,827,-83
414.008,00:02,828,-87
414.051,00:03,828,-87
414.112,00:04,828,-82
414.508,00:02,829,-87
414.55,00:03,829,-87
414.61,00:04,829,-82
415.009,00:02,830,-87
415.051,00:03,830,-87
415.111,00:04,830,-82
415.508,00:02,831,-87
415.549,00:03,831,-87
415.611,00:04,831,-82
416.009,00:02,832,-87
416.052,00:03,832,-87
416.109,00:04,832,-82
416.51,00:02,833,-87
416.55,00:03,833,-87
416.611,00:04,833,-82
417.009,00:02,834,-87
417.051,00:03,834,-88
417.111,00:04,834,-81
417.509,00:02,835,-87
417.55,00:03,835,-88
417.613,00:04,835,-81
418.008,00:02,836,-87
418.049,00:03,836,-88
418.111,00:04,836,-81
418.509,00:02,837,-87
418.55,00:03,837,-88
418.612,00:04,837,-81
419.01,00:02,838,-87
419.05,00:03,838,-88
419.11,00:04,838,-81
419.51,00:02,839,-87
419.551,00:03,839,-88
419.61,00:04,839,-80
420.009,00:02,840,-87
420.049,00:03,840,-88
420.11,00:04,840,-80
420.509,00:02,841,-87
420.551,00:03,841,-88
420.61,00:04,841,-80
421.009,00:02,842,-87
421.05,00:03,842,-89
421.111,00:04,842,-80
421.51,00:02,843,-87
421.549,00:03,843,-89
421.609,00:04,843,-79
422.008,00:02,844,-87
422.05,00:03,844,-89
422.109,00:04,844,-79
422.51,00:02,845,-87
422.549,00:03,845,-89
422.61,00:04,845,-79
423.01,00:02,846,-87
423.052,00:03,846,-89
423.109,00:04,846,-79
423.508,00:02,847,-87
423.551,00:03,847,-89
423.611,00:04,847,-79
424.01,00:02,848,-87
424.052,00:03,848,-89
424.11,00:04,848,-78
424.51,00:02,849,-87
424.55,00:03,849,-89
424.609,00:04,849,-78
425.009,00:02,850,-87
425.05,00:03,850,-89
425.111,00:04,850,-78
425.509,00:02,851,-87
425.551,00:03,851,-89
425.612,00:04,851,-78
426.008,00:02,852,-87
426.051,00:03,852,-89
426.112,00:04,852,-78
426.509,00:02,853,-87
426.55,00:03,853,-89
426.61,00:04,853,-78
427.009,00:02,854,-87
427.049,00:03,854,-89
427.11,00:04,854,-77
427.509,00:02,855,-87
427.551,00:03,855,-89
427.611,00:04,855,-77
428.009,00:02,856,-87
428.05,00:03,856,-89
428.111,00:04,856,-77
428.507,00:02,857,-87
428.552,00:03,857,-89
428.61,00:04,857,-77
429.008,00:02,858,-87
429.05,00:03,858,-89
429.111,00:04,858,-77
429.509,00:02,859,-86
429.55,00:03,859,-89
429.609,00:04,859,-77
430.008,00:02,860,-86
430.049,00:03,860,-89
430.111,00:04,860,-77
430.509,00:02,861,-86
430.552,00:03,861,-89
430.611,00:04,861,-76
431.011,00:02,862,-86
431.051,00:03,862,-89
431.112,00:04,862,-76
431.509,00:02,863,-86
431.55,00:03,863,-90
431.61,00:04,863,-76
432.01,00:02,864,-86
432.052,00:03,864,-90
432.111,00:04,864,-76
432.51,00:02,865,-86
432.55,00:03,865,-90
432.61,00:04,865,-76
433.008,00:02,866,-86
433.05,00:03,866,-90
433.111,00:04,866,-76
433.508,00:02,867,-86
433.551,00:03,867,-90
433.611,00:04,867,-75
434.008,00:02,868,-86
434.05,00:03,868,-90
434.109,00:04,868,-75
434.509,00:02,869,-86
434.549,00:03,869,-90
434.61,00:04,869,-75
435.01,00:02,870,-86
435.051,00:03,870,-90
435.11,00:04,870,-75
435.509,00:02,871,-86
435.551,00:03,871,-90
435.612,00:04,871,-75
436.008,00:02,872,-86
436.049,00:03,872,-90
436.11,00:04,872,-75
436.509,00:02,873,-86
436.549,00:03,873,-90
436.611,00:04,873,-75
437.008,00:02,874,-86
437.05,00:03,874,-90
437.111,00:04,874,-75
437.509,00:02,875,-85
437.551,00:03,875,-90
437.611,00:04,875,-75
438.008,00:02,876,-85
438.051,00:03,876,-90
438.111,00:04,876,-75
438.51,00:02,877,-85
438.552,00:03,877,-90
438.611,00:04,877,-75
439.007,00:02,878,-85
439.049,00:03,878,-90
439.109,00:04,878,-75
439.508,00:02,879,-85
439.549,00:03,879,-90
439.612,00:04,879,-75
440.008,00:02,880,-85
440.05,00:03,880,-90
440.11,00:04,880,-75
440.508,00:02,881,-85
440.551,00:03,881,-90
440.61,00:04,881,-75
441.009,00:02,882,-85
441.05,00:03,882,-90
441.11,00:04,882,-75
441.509,00:02,883,-85
441.55,00:03,883,-90
441.611,00:04,883,-75
442.009,00:02,884,-85
442.05,00:03,884,-90
442.111,00:04,884,-75
442.508,00:02,885,-85
442.549,00:03,885,-90
442.612,00:04,885,-76
443.009,00:02,886,-84
443.049,00:03,886,-90
443.113,00:04,886,-76
443.508,00:02,887,-84
443.55,00:03,887,-90
443.611,00:04,887,-76
444.008,00:02,888,-84
444.052,00:03,888,-90
444.111,00:04,888,-76
444.51,00:02,889,-84
444.549,00:03,889,-90
444.612,00:04,889,-76
445.009,00:02,890,-84
445.051,00:03,890,-90
445.111,00:04,890,-76
445.51,00:02,891,-84
445.551,00:03,891,-90
445.611,00:04,891,-76
446.009,00:02,892,-84
446.051,00:03,892,-90
446.111,00:04,892,-76
446.51,00:02,893,-84
446.55,00:03,893,-90
446.611,00:04,893,-77
447.01,00:02,894,-84
447.05,00:03,894,-90
447.113,00:04,894,-77
447.507,00:02,895,-84
447.552,00:03,895,-90
447.612,00:04,895,-77
448.01,00:02,896,-83
448.05,00:03,896,-90
448.111,00:04,896,-77
448.51,00:02,897,-83
448.55,00:03,897,-90
448.61,00:04,897,-78
449.01,00:02,898,-83
449.049,00:03,898,-89
449.111,00:04,898,-78
449.51,00:02,899,-83
449.548,00:03,899,-89
449.612,00:04,899,-78
450.009,00:02,900,-83
450.05,00:03,900,-89
450.11,00:04,900,-78
450.508,00:02,901,-83
450.55,00:03,901,-89
450.611,00:04,901,-78
451.009,00:02,902,-83
451.051,00:03,902,-89
451.111,00:04,902,-79
451.507,00:02,903,-83
451.552,00:03,903,-89
451.612,00:04,903,-79
452.008,00:02,904,-83
452.049,00:03,904,-89
452.111,00:04,904,-79
452.51,00:02,905,-83
452.55,00:03,905,-89
452.612,00:04,905,-79
453.008,00:02,906,-83
453.05,00:03,906,-89
453.112,00:04,906,-80
453.51,00:02,907,-83
453.55,00:03,907,-89
453.611,00:04,907,-80
454.011,00:02,908,-83
454.049,00:03,908,-89
454.111,00:04,908,-80
454.508,00:02,909,-82
454.551,00:03,909,-89
454.612,00:04,909,-80
455.009,00:02,910,-82
455.05,00:03,910,-89
455.11,00:04,910,-80
455.509,00:02,911,-82
455.549,00:03,911,-88
455.611,00:04,911,-81
456.008,00:02,912,-82
456.051,00:03,912,-88
456.112,00:04,912,-81
456.51,00:02,913,-82
456.552,00:03,913,-88
456.61,00:04,913,-81
457.01,00:02,914,-82
457.051,00:03,914,-88
457.111,00:04,914,-81
457.508,00:02,915,-82
457.55,00:03,915,-88
457.612,00:04,915,-81
458.009,00:02,916,-82
458.05,00:03,916,-88
458.113,00:04,916,-82
458.51,00:02,917,-82
458.55,00:03,917,-88
458.61,00:04,917,-82
459.009,00:02,918,-82
459.049,00:03,918,-88
459.11,00:04,918,-82
459.509,00:02,919,-82
459.551,00:03,919,-88
459.611,00:04,919,-82
460.008,00:02,920,-82
460.05,00:03,920,-88
460.112,00:04,920,-82
460.51,00:02,921,-81
460.551,00:03,921,-88
460.613,00:04,921,-82
461.009,00:02,922,-81
461.051,00:03,922,-88
461.113,00:04,922,-82
461.509,00:02,923,-81
461.552,00:03,923,-88
461.61,00:04,923,-82
462.008,00:02,924,-81
462.051,00:03,924,-88
462.111,00:04,924,-82
462.51,00:02,925,-81
462.55,00:03,925,-88
462.611,00:04,925,-82
463.009,00:02,926,-81
463.049,00:03,926,-88
463.113,00:04,926,-82
463.51,00:02,927,-81
463.552,00:03,927,-88
463.611,00:04,927,-82
464.01,00:02,928,-81
464.051,00:03,928,-88
464.11,00:04,928,-82
464.51,00:02,929,-81
464.55,00:03,929,-88
464.612,00:04,929,-82
465.009,00:02,930,-81
465.05,00:03,930,-88
465.113,00:04,930,-82
465.509,00:02,931,-81
465.549,00:03,931,-88
465.612,00:04,931,-82
466.01,00:02,932,-81
466.05,00:03,932,-89
466.111,00:04,932,-82
466.51,00:02,933,-81
466.55,00:03,933,-89
466.612,00:04,933,-82
467.009,00:02,934,-81
467.049,00:03,934,-89
467.113,00:04,934,-82
467.508,00:02,935,-80
467.55,00:03,935,-89
467.612,00:04,935,-82
468.009,00:02,936,-80
468.051,00:03,936,-89
468.111,00:04,936,-82
468.51,00:02,937,-80
468.551,00:03,937,-89
468.612,00:04,937,-82
469.01,00:02,938,-80
469.05,00:03,938,-89
469.111,00:04,938,-82
469.51,00:02,939,-80
469.55,00:03,939,-89
469.612,00:04,939,-82
470.009,00:02,940,-80
470.049,00:03,940,-89
470.112,00:04,940,-83
470.509,00:02,941,-80
470.551,00:03,941,-89
470.609,00:04,941,-83
471.009,00:02,942,-80
471.049,00:03,942,-89
471.111,00:04,942,-83
471.509,00:02,943,-80
471.548,00:03,943,-89
471.612,00:04,943,-83
472.01,00:02,944,-80
472.05,00:03,944,-89
472.111,00:04,944,-83
472.509,00:02,945,-80
472.548,00:03,945,-89
472.61,00:04,945,-83
473.009,00:02,946,-80
473.05,00:03,946,-90
473.111,00:04,946,-83
473.509,00:02,947,-80
473.551,00:03,947,-90
473.61,00:04,947,-83
474.009,00:02,948,-80
474.05,00:03,948,-90
474.11,00:04,948,-83
474.508,00:02,949,-79
474.551,00:03,949,-90
474.611,00:04,949,-83
475.007,00:02,950,-79
475.05,00:03,950,-90
475.112,00:04,950,-83
475.51,00:02,951,-79
475.551,00:03,951,-90
475.612,00:04,951,-83
476.01,00:02,952,-79
476.051,00:03,952,-90
476.112,00:04,952,-83
476.508,00:02,953,-79
476.551,00:03,953,-90
476.612,00:04,953,-83
477.01,00:02,954,-79
477.05,00:03,954,-90
477.112,00:04,954,-83
477.51,00:02,955,-79
477.55,00:03,955,-90
477.611,00:04,955,-83
478.01,00:02,956,-79
478.048,00:03,956,-90
478.111,00:04,956,-83
478.511,00:02,957,-79
478.549,00:03,957,-90
478.613,00:04,957,-83
479.009,00:02,958,-79
479.05,00:03,958,-90
479.112,00:04,958,-83
479.511,00:02,959,-79
479.55,00:03,959,-90
479.613,00:04,959,-83
480.008,00:02,960,-79
480.05,00:03,960,-91
480.111,00:04,960,-83
480.51,00:02,961,-79
480.548,00:03,961,-91
480.613,00:04,961,-83
481.009,00:02,962,-79
481.05,00:03,962,-91
481.111,00:04,962,-84
481.508,00:02,963,-79
481.549,00:03,963,-91
481.613,00:04,963,-84
482.009,00:02,964,-78
482.049,00:03,964,-91
482.113,00:04,964,-84
482.509,00:02,965,-78
482.551,00:03,965,-91
482.611,00:04,965,-84
483.009,00:02,966,-78
483.05,00:03,966,-91
483.112,00:04,966,-84
483.51,00:02,967,-78
483.55,00:03,967,-91
483.613,00:04,967,-84
484.008,00:02,968,-78
484.05,00:03,968,-91
484.11,00:04,968,-84
484.508,00:02,969,-78
484.549,00:03,969,-91
484.61,00:04,969,-84
485.009,00:02,970,-78
485.05,00:03,970,-91
485.112,00:04,970,-84
485.51,00:02,971,-78
485.549,00:03,971,-91
485.612,00:04,971,-84
486.011,00:02,972,-78
486.051,00:03,972,-91
486.112,00:04,972,-84
486.51,00:02,973,-78
486.551,00:03,973,-92
486.613,00:04,973,-84
487.01,00:02,974,-78
487.048,00:03,974,-92
487.111,00:04,974,-84
487.51,00:02,975,-78
487.549,00:03,975,-92
487.613,00:04,975,-84
488.01,00:02,976,-78
488.049,00:03,976,-92
488.113,00:04,976,-84
488.508,00:02,977,-78
488.548,00:03,977,-92
488.611,00:04,977,-85
489.011,00:02,978,-78
489.05,00:03,978,-92
489.112,00:04,978,-85
489.508,00:02,979,-78
489.549,00:03,979,-92
489.611,00:04,979,-85
490.009,00:02,980,-78
490.05,00:03,980,-92
490.11,00:04,980,-85
490.509,00:02,981,-77
490.55,00:03,981,-92
490.611,00:04,981,-85
491.01,00:02,982,-77
491.049,00:03,982,-92
491.112,00:04,982,-85
491.508,00:02,983,-77
491.548,00:03,983,-92
491.611,00:04,983,-85
492.01,00:02,984,-77
492.049,00:03,984,-92
492.111,00:04,984,-85
492.51,00:02,985,-77
492.549,00:03,985,-92
492.61,00:04,985,-85
493.009,00:02,986,-77
493.05,00:03,986,-92
493.111,00:04,986,-85
493.508,00:02,987,-77
493.549,00:03,987,-92
493.61,00:04,987,-85
494.009,00:02,988,-77
494.051,00:03,988,-93
494.112,00:04,988,-85
494.508,00:02,989,-77
494.55,00:03,989,-93
494.612,00:04,989,-86
495.009,00:02,990,-77
495.052,00:03,990,-93
495.112,00:04,990,-85
495.51,00:02,991,-77
495.55,00:03,991,-93
495.614,00:04,991,-85
496.011,00:02,992,-77
496.049,00:03,992,-93
496.111,00:04,992,-85
496.509,00:02,993,-78
496.551,00:03,993,-93
496.612,00:04,993,-85
497.01,00:02,994,-78
497.049,00:03,994,-93
497.112,00:04,994,-85
497.508,00:02,995,-78
497.549,00:03,995,-93
497.611,00:04,995,-85
498.01,00:02,996,-78
498.049,00:03,996,-93
498.112,00:04,996,-85
498.509,00:02,997,-78
498.55,00:03,997,-93
498.611,00:04,997,-85
499.01,00:02,998,-78
499.05,00:03,998,-93
499.112,00:04,998,-84
499.51,00:02,999,-78
499.549,00:03,999,-93
499.612,00:04,999,-84
500.009,00:02,1000,-78
500.049,00:03,1000,-93
500.112,00:04,1000,-84
500.509,00:02,1001,-79
500.549,00:03,1001,-93
500.612,00:04,1001,-84
501.01,00:02,1002,-79
501.05,00:03,1002,-93
501.111,00:04,1002,-84
501.51,00:02,1003,-79
501.55,00:03,1003,-93
501.612,00:04,1003,-84
502.009,00:02,1004,-79
502.05,00:03,1004,-93
502.111,00:04,1004,-84
502.51,00:02,1005,-79
502.55,00:03,1005,-93
502.613,00:04,1005,-83
503.009,00:02,1006,-79
503.05,00:03,1006,-93
503.11,00:04,1006,-83
503.51,00:02,1007,-79
503.551,00:03,1007,-94
503.611,00:04,1007,-83
504.01,00:02,1008,-79
504.051,00:03,1008,-94
504.111,00:04,1008,-83
504.509,00:02,1009,-79
504.549,00:03,1009,-94
504.611,00:04,1009,-83
505.01,00:02,1010,-80
505.049,00:03,1010,-94
505.113,00:04,1010,-83
505.509,00:02,1011,-80
505.551,00:03,1011,-94
505.612,00:04,1011,-83
506.009,00:02,1012,-80
506.049,00:03,1012,-94
506.111,00:04,1012,-83
506.509,00:02,1013,-80
506.549,00:03,1013,-94
506.611,00:04,1013,-82
507.01,00:02,1014,-80
507.048,00:03,1014,-94
507.111,00:04,1014,-82
507.508,00:02,1015,-80
507.549,00:03,1015,-94
507.61,00:04,1015,-82
508.01,00:02,1016,-80
508.049,00:03,1016,-94
508.11,00:04,1016,-82
508.508,00:02,1017,-80
508.548,00:03,1017,-94
508.612,00:04,1017,-82
509.009,00:02,1018,-80
509.049,00:03,1018,-94
509.113,00:04,1018,-82
509.51,00:02,1019,-81
509.549,00:03,1019,-94
509.612,00:04,1019,-82
510.009,00:02,1020,-81
510.05,00:03,1020,-94
510.112,00:04,1020,-81
510.508,00:02,1021,-81
510.551,00:03,1021,-94
510.612,00:04,1021,-81
511.01,00:02,1022,-81
511.048,00:03,1022,-94
511.112,00:04,1022,-81
511.511,00:02,1023,-81
511.548,00:03,1023,-94
511.613,00:04,1023,-81
512.009,00:02,1024,-81
512.051,00:03,1024,-94
512.113,00:04,1024,-81
512.509,00:02,1025,-81
512.551,00:03,1025,-94
512.612,00:04,1025,-81
513.009,00:02,1026,-81
513.049,00:03,1026,-95
513.113,00:04,1026,-81
513.51,00:02,1027,-81
513.549,00:03,1027,-95
513.612,00:04,1027,-81
514.01,00:02,1028,-81
514.049,00:03,1028,-95
514.112,00:04,1028,-81
514.51,00:02,1029,-81
514.55,00:03,1029,-95
514.613,00:04,1029,-81
515.009,00:02,1030,-81
515.049,00:03,1030,-95
515.111,00:04,1030,-81
515.508,00:02,1031,-81
515.551,00:03,1031,-95
515.613,00:04,1031,-81
516.01,00:02,1032,-81
516.048,00:03,1032,-95
516.111,00:04,1032,-81
516.51,00:02,1033,-81
516.549,00:03,1033,-95
516.612,00:04,1033,-82
517.011,00:02,1034,-81
517.049,00:03,1034,-95
517.113,00:04,1034,-82
517.509,00:02,1035,-81
517.548,00:03,1035,-95
517.612,00:04,1035,-82
518.011,00:02,1036,-81
518.05,00:03,1036,-95
518.111,00:04,1036,-82
518.51,00:02,1037,-81
518.549,00:03,1037,-95
518.612,00:04,1037,-82
519.009,00:02,1038,-81
519.049,00:03,1038,-95
519.113,00:04,1038,-82
519.511,00:02,1039,-81
519.55,00:03,1039,-95
519.612,00:04,1039,-82
520.01,00:02,1040,-81
520.05,00:03,1040,-95
520.112,00:04,1040,-83
520.508,00:02,1041,-81
520.549,00:03,1041,-95
520.612,00:04,1041,-83
521.008,00:02,1042,-81
521.051,00:03,1042,-96
521.112,00:04,1042,-83
521.509,00:02,1043,-81
521.55,00:03,1043,-96
521.61,00:04,1043,-83
522.009,00:02,1044,-81
522.05,00:03,1044,-96
522.112,00:04,1044,-83
522.509,00:02,1045,-81
522.551,00:03,1045,-96
522.613,00:04,1045,-83
523.01,00:02,1046,-82
523.049,00:03,1046,-96
523.113,00:04,1046,-83
523.51,00:02,1047,-82
523.548,00:03,1047,-96
523.612,00:04,1047,-83
524.009,00:02,1048,-82
524.049,00:03,1048,-96
524.111,00:04,1048,-83
524.51,00:02,1049,-82
524.55,00:03,1049,-96
524.611,00:04,1049,-83
525.011,00:02,1050,-82
525.051,00:03,1050,-96
525.11,00:04,1050,-83
525.51,00:02,1051,-82
525.551,00:03,1051,-96
525.611,00:04,1051,-83
526.008,00:02,1052,-82
526.05,00:03,1052,-96
526.11,00:04,1052,-83
526.509,00:02,1053,-82
526.55,00:03,1053,-96
526.612,00:04,1053,-83
527.009,00:02,1054,-82
527.049,00:03,1054,-96
527.11,00:04,1054,-83
527.508,00:02,1055,-82
527.55,00:03,1055,-96
527.611,00:04,1055,-83
528.008,00:02,1056,-82
528.049,00:03,1056,-96
528.111,00:04,1056,-83
528.508,00:02,1057,-82
528.549,00:03,1057,-97
528.612,00:04,1057,-83
529.009,00:02,1058,-82
529.05,00:03,1058,-97
529.11,00:04,1058,-84
529.511,00:02,1059,-82
529.55,00:03,1059,-97
529.613,00:04,1059,-84
530.009,00:02,1060,-82
530.051,00:03,1060,-97
530.113,00:04,1060,-84
530.508,00:02,1061,-82
530.549,00:03,1061,-97
530.613,00:04,1061,-84
531.009,00:02,1062,-82
531.051,00:03,1062,-97
531.111,00:04,1062,-84
531.51,00:02,1063,-82
531.548,00:03,1063,-97
531.612,00:04,1063,-84
532.009,00:02,1064,-82
532.05,00:03,1064,-97
532.112,00:04,1064,-84
532.509,00:02,1065,-82
532.55,00:03,1065,-97
532.613,00:04,1065,-85
533.009,00:02,1066,-82
533.05,00:03,1066,-97
533.114,00:04,1066,-85
533.51,00:02,1067,-82
533.55,00:03,1067,-97
533.611,00:04,1067,-85
534.01,00:02,1068,-82
534.051,00:03,1068,-97
534.112,00:04,1068,-85
534.511,00:02,1069,-82
534.548,00:03,1069,-97
534.612,00:04,1069,-85
535.009,00:02,1070,-83
535.049,00:03,1070,-97
535.112,00:04,1070,-85
535.51,00:02,1071,-83
535.55,00:03,1071,-97
535.611,00:04,1071,-85
536.011,00:02,1072,-83
536.05,00:03,1072,-97
536.11,00:04,1072,-85
536.509,00:02,1073,-83
536.548,00:03,1073,-97
536.613,00:04,1073,-85
537.011,00:02,1074,-83
537.049,00:03,1074,-97
537.112,00:04,1074,-85
537.51,00:02,1075,-83
537.549,00:03,1075,-97
537.611,00:04,1075,-85
538.01,00:02,1076,-83
538.049,00:03,1076,-98
538.113,00:04,1076,-85
538.51,00:02,1077,-83
538.55,00:03,1077,-98
538.612,00:04,1077,-84
539.009,00:02,1078,-83
539.048,00:03,1078,-98
539.112,00:04,1078,-84
539.51,00:02,1079,-83
539.549,00:03,1079,-98
539.614,00:04,1079,-84
540.01,00:02,1080,-84
540.049,00:03,1080,-98
540.112,00:04,1080,-84
540.51,00:02,1081,-84
540.548,00:03,1081,-98
540.611,00:04,1081,-84
541.01,00:02,1082,-84
541.049,00:03,1082,-98
541.113,00:04,1082,-84
541.509,00:02,1083,-84
541.549,00:03,1083,-98
541.613,00:04,1083,-84
542.01,00:02,1084,-84
542.049,00:03,1084,-98
542.113,00:04,1084,-84
542.51,00:02,1085,-84
542.547,00:03,1085,-98
542.612,00:04,1085,-84
543.01,00:02,1086,-84
543.051,00:03,1086,-98
543.112,00:04,1086,-84
543.51,00:02,1087,-84
543.549,00:03,1087,-98
543.613,00:04,1087,-84
544.01,00:02,1088,-84
544.05,00:03,1088,-98
544.112,00:04,1088,-84
544.509,00:02,1089,-84
544.549,00:03,1089,-98
544.613,00:04,1089,-84
545.01,00:02,1090,-84
545.049,00:03,1090,-98
545.113,00:04,1090,-84
545.508,00:02,1091,-85
545.549,00:03,1091,-98
545.611,00:04,1091,-84
546.01,00:02,1092,-85
546.05,00:03,1092,-98
546.114,00:04,1092,-84
546.508,00:02,1093,-85
546.549,00:03,1093,-98
546.613,00:04,1093,-84
547.011,00:02,1094,-85
547.048,00:03,1094,-98
547.114,00:04,1094,-84
547.509,00:02,1095,-85
547.548,00:03,1095,-98
547.612,00:04,1095,-84
548.009,00:02,1096,-85
548.049,00:03,1096,-98
548.112,00:04,1096,-84
548.51,00:02,1097,-85
548.55,00:03,1097,-98
548.612,00:04,1097,-84
549.009,00:02,1098,-85
549.048,00:03,1098,-98
549.111,00:04,1098,-84
549.51,00:02,1099,-85
549.55,00:03,1099,-98
549.613,00:04,1099,-84
550.009,00:02,1100,-85
550.048,00:03,1100,-99
550.113,00:04,1100,-84
550.51,00:02,1101,-85
550.549,00:03,1101,-99
550.611,00:04,1101,-84
551.012,00:02,1102,-86
551.048,00:03,1102,-99
551.112,00:04,1102,-84
551.51,00:02,1103,-86
551.549,00:03,1103,-99
551.613,00:04,1103,-84
552.01,00:02,1104,-86
552.049,00:03,1104,-99
552.114,00:04,1104,-84
552.509,00:02,1105,-86
552.548,00:03,1105,-99
552.611,00:04,1105,-84
553.01,00:02,1106,-86
553.049,00:03,1106,-99
553.112,00:04,1106,-84
553.512,00:02,1107,-86
553.548,00:03,1107,-99
553.612,00:04,1107,-84
554.009,00:02,1108,-86
554.05,00:03,1108,-99
554.112,00:04,1108,-84
